instance,algo,pool,run,wind,our_nd,cec_nd,our_cost_min,cec_cost_min,our_power_max,cec_power_max,d_cost_min_abs,d_cost_min_pct,d_power_max_abs,d_power_max_pct,C_cec_ours,C_ours_cec
ns41,moead,p100_i50,0,"330deg, 13 m/s",297,297,252722659.93184355,252781360.51556608,2902261.3701171875,2896619.0009765625,-58700.583722531796,-0.02322187981060299,5642.369140625,0.19479155314256857,0.6262626262626263,0.18181818181818182
ns41,moead,p100_i50,1,"0deg, 2 m/s",192,236,252024080.33445227,252018529.24500728,22.7035565749,22.2911989167,5551.089444994926,0.002202651313625543,0.4123576581999977,1.849867563162203,0.7291666666666666,0.2923728813559322
ns41,moead,p100_i50,2,"330deg, 3 m/s",271,281,252016840.34042525,252016274.1772571,369.919955492,367.3655722141,566.1631681621075,0.00022465341574087923,2.5543832779000013,0.695324622420337,0.5719557195571956,0.33451957295373663
ns41,moead,p100_i50,3,"150deg, 7 m/s",268,276,252087436.88202143,252080634.41140497,121381.0966186523,121955.349395752,6802.4706164598465,0.0026985296321326937,-574.2527770996967,-0.47087133114285457,0.6156716417910447,0.2753623188405797
ns41,moead,p100_i50,4,"150deg, 12 m/s",284,286,252557205.7494756,252586149.4837191,2268106.505859375,2257986.358398437,-28943.734243512154,-0.011458955410925164,10120.147460937966,0.44819347217474187,0.5528169014084507,0.21678321678321677
ns41,moead,p100_i50,5,"150deg, 7 m/s",288,284,252074018.2919208,252029725.4088211,121764.8295593262,120969.1336975098,44292.88309970498,0.017574467864001696,795.6958618164062,0.657767677998,0.2916666666666667,0.5704225352112676
ns41,moead,p100_i50,6,"60deg, 6 m/s",243,256,252023898.27220812,252034502.221444,46994.3767242432,46918.1416015625,-10603.949235886335,-0.004207340321433227,76.23512268070044,0.1624853842850451,0.22633744855967078,0.6171875
ns41,moead,p100_i50,7,"240deg, 11 m/s",288,283,252560169.18397495,252534002.76005775,1648026.3466796875,1658901.13671875,26166.42391720414,0.010361544834049878,-10874.7900390625,-0.6555417799382828,0.2048611111111111,0.6749116607773852
ns41,moead,p100_i50,8,"210deg, 15 m/s",285,296,252771311.775669,252778101.77572805,4516288.328125,4519910.298828125,-6790.000059038401,-0.002686150426536031,-3621.970703125,-0.08013368548628202,0.14736842105263157,0.7432432432432432
ns41,moead,p100_i50,9,"180deg, 9 m/s",300,297,252286215.65837693,252304469.31981856,573603.7393798828,574506.9248046875,-18253.661441624165,-0.007234775305738247,-903.1854248046875,-0.1572105375599675,0.35,0.5218855218855218
ns41,nsga2,p100_i50,0,"330deg, 13 m/s",289,273,259367378.94429109,259818401.82082215,2917552.919921875,2918563.087890625,-451022.8765310645,-0.17359158295573773,-1010.16796875,-0.034611825693995645,0.8027681660899654,0.14285714285714285
ns41,nsga2,p100_i50,1,"0deg, 2 m/s",260,248,258229506.90751332,257959783.5577268,23.7790822163,23.8091379926,269723.34978652,0.10456023263260365,-0.030055776299999337,-0.1262363060323344,0.08461538461538462,0.7943548387096774
ns41,nsga2,p100_i50,2,"330deg, 3 m/s",277,282,258454492.17096916,258380584.08313507,380.0234218836,380.5557765663,73908.08783409,0.02860435047639251,-0.5323546826999745,-0.13988874048985256,0.148014440433213,0.7801418439716312
ns41,nsga2,p100_i50,3,"150deg, 7 m/s",290,280,259138503.33296743,258828573.132044,125391.0068664551,125239.7442321777,309930.20092344284,0.1197434259954479,151.26263427740196,0.12077845990884595,0.5827586206896552,0.16785714285714284
ns41,nsga2,p100_i50,4,"150deg, 12 m/s",271,273,258802110.83359057,259662100.89299983,2286097.291015625,2285278.920898437,-859990.0594092607,-0.3311958335281439,818.3701171879657,0.03581051353093612,0.7933579335793358,0.10256410256410256
ns41,nsga2,p100_i50,5,"150deg, 7 m/s",285,283,258559406.9753804,257745930.22031337,125744.2430114746,125377.5950012207,813476.7550670207,0.31561187188161827,366.6480102538917,0.29243503215253247,0.07719298245614035,0.8621908127208481
ns41,nsga2,p100_i50,6,"60deg, 6 m/s",232,237,258417915.9646955,258772223.63526887,48695.3333435059,48560.8107452393,-354307.67057335377,-0.13691874096685858,134.52259826660156,0.2770188475071735,0.05172413793103448,0.9451476793248945
ns41,nsga2,p100_i50,7,"240deg, 11 m/s",252,262,258241218.77305415,258463058.9820364,1685428.7661132812,1688316.7377929688,-221840.20898225904,-0.08583052829908559,-2887.9716796875,-0.1710562725014955,0.003968253968253968,0.950381679389313
ns41,nsga2,p100_i50,8,"210deg, 15 m/s",270,270,259638862.5034268,259334040.7518192,4545938.84375,4550961.783203125,304821.7516075969,0.11754020055520173,-5022.939453125,-0.11037094338308595,0.725925925925926,0.23333333333333334
ns41,nsga2,p100_i50,9,"180deg, 9 m/s",276,274,259183246.4366942,259165664.67336595,588763.1650390625,589027.7648925781,17581.763328254223,0.006783986354987661,-264.599853515625,-0.04492145689666776,0.17753623188405798,0.6094890510948905
ns48,moead,p100_i50,0,"240deg, 12 m/s",191,191,43851580.08096954,43846951.3737605,688033.4404296875,688033.4404296875,4628.707209043205,0.01055650863748119,0.0,0.0,0.34554973821989526,0.49214659685863876
ns48,moead,p100_i50,1,"60deg, 6 m/s",101,106,43840707.088157296,43840707.088157296,15853.6849060059,15853.6849060059,0.0,0.0,0.0,0.0,0.7722772277227723,0.0660377358490566
ns48,moead,p100_i50,2,"270deg, 6 m/s",121,111,43840707.088157296,43840707.088157296,15333.1245574951,15333.1245574951,0.0,0.0,0.0,0.0,0.14049586776859505,0.6936936936936937
ns48,moead,p100_i50,3,"120deg, 8 m/s",190,197,43840707.088157296,43840804.33995918,76529.3739013672,76529.3739013672,-97.25180188566446,-0.00022182941976049296,0.0,0.0,0.5842105263157895,0.3756345177664975
ns48,moead,p100_i50,4,"90deg, 10 m/s",264,289,43847970.87321818,43842892.36322612,327665.9731445312,327665.9731445312,5078.509992055595,0.011583428278366212,0.0,0.0,0.07954545454545454,0.8927335640138409
ns48,moead,p100_i50,5,"300deg, 11 m/s",258,297,43842995.38166279,43848038.90049751,485237.2670898438,485237.2670898438,-5043.518834717572,-0.011502267743747022,0.0,0.0,0.031007751937984496,0.9629629629629629
ns48,moead,p100_i50,6,"180deg, 5 m/s",101,97,43840707.088157296,43840707.088157296,4798.6747436523,4798.6747436523,0.0,0.0,0.0,0.0,0.3069306930693069,0.5773195876288659
ns48,moead,p100_i50,7,"0deg, 11 m/s",239,151,43848656.65314863,43843271.27372165,526673.9584960938,526673.9584960938,5385.3794269785285,0.012283251843496368,0.0,0.0,0.9205020920502092,0.033112582781456956
ns48,moead,p100_i50,8,"0deg, 2 m/s",76,75,43840707.088157296,43840707.088157296,6.5790194273,6.5790194273,0.0,0.0,0.0,0.0,0.21052631578947367,0.6133333333333333
ns48,moead,p100_i50,9,"240deg, 18 m/s",183,180,43843981.676579006,43851552.61458579,2333276.20703125,2333276.20703125,-7570.938006781042,-0.017264925767446638,0.0,0.0,0.6557377049180327,0.3611111111111111
ns48,nsga2,p100_i50,0,"240deg, 12 m/s",130,127,43881367.71966516,43884450.5123693,688033.4404296875,688033.4404296875,-3082.7927041351795,-0.007024795042759534,0.0,0.0,0.8,0.16535433070866143
ns48,nsga2,p100_i50,1,"60deg, 6 m/s",172,173,43899606.61273266,43859092.61186516,15853.6849060059,15853.6849060059,40514.00086749345,0.0923730940492217,0.0,0.0,0.05232558139534884,0.9075144508670521
ns48,nsga2,p100_i50,2,"270deg, 6 m/s",184,172,43904284.437956326,43916993.09946716,15333.1245574951,15333.1245574951,-12708.661510832608,-0.028937913581762956,0.0,0.0,0.8913043478260869,0.08139534883720931
ns48,nsga2,p100_i50,3,"120deg, 8 m/s",300,300,43911812.20958187,43970721.659360446,76529.3739013672,76529.3739013672,-58909.449778579175,-0.1339742618621284,0.0,0.0,0.41,0.36666666666666664
ns48,nsga2,p100_i50,4,"90deg, 10 m/s",256,223,43899134.74775487,43915112.273176886,327665.9731445312,327665.9731445312,-15977.525422014296,-0.03638274979834967,0.0,0.0,0.46484375,0.4080717488789238
ns48,nsga2,p100_i50,5,"300deg, 11 m/s",300,300,43981640.71800862,43935837.63073699,485237.2670898438,485237.2670898438,45803.087271630764,0.10424994660756727,0.0,0.0,0.03666666666666667,0.9033333333333333
ns48,nsga2,p100_i50,6,"180deg, 5 m/s",258,210,43945184.80467093,43965358.67496285,4798.6747436523,4798.6747436523,-20173.870291918516,-0.04588583125424841,0.0,0.0,0.023255813953488372,0.9714285714285714
ns48,nsga2,p100_i50,7,"0deg, 11 m/s",161,182,43890574.07865609,43896365.486646965,526673.9584960938,526673.9584960938,-5791.40799087286,-0.013193365616191105,0.0,0.0,0.09937888198757763,0.8956043956043956
ns48,nsga2,p100_i50,8,"0deg, 2 m/s",176,141,43885669.74676255,43887785.02052411,6.5790194273,6.5790194273,-2115.2737615555525,-0.00481973232544396,0.0,0.0,0.7840909090909091,0.14893617021276595
ns48,nsga2,p100_i50,9,"240deg, 18 m/s",148,166,43880251.50646732,43855945.607406065,2333276.20703125,2333276.20703125,24305.899061255157,0.05542212971267129,0.0,0.0,0.40540540540540543,0.4939759036144578
ns101,moead,p100_i50,0,"330deg, 13 m/s",300,300,133135358.39645804,133127712.17028072,1590577.517578125,1596759.8115234375,7646.226177319884,0.005743527063350841,-6182.2939453125,-0.38717745153005156,0.7666666666666667,0.13666666666666666
ns101,moead,p100_i50,1,"30deg, 4 m/s",185,182,133054399.7284989,133052844.01237345,1892.5764484406,1893.9583978653,1555.716125458479,0.001169246803408278,-1.3819494246999966,-0.0729661974760167,0.6054054054054054,0.2692307692307692
ns101,moead,p100_i50,2,"240deg, 8 m/s",300,300,133056083.82620028,133068104.75341204,161489.9212646484,162352.8640136719,-12020.927211761475,-0.00903366530547452,-862.9427490234957,-0.5315229603530902,0.5133333333333333,0.26666666666666666
ns101,moead,p100_i50,3,"210deg, 4 m/s",202,186,133053410.13739616,133054133.75181496,1885.8537397385,1887.3248357773,-723.6144188046455,-0.0005438496335291611,-1.471096038799942,-0.07794609655491908,0.7178217821782178,0.2849462365591398
ns101,moead,p100_i50,4,"90deg, 10 m/s",300,300,133099353.38211513,133092714.64185148,605173.3439941406,604698.7241210938,6638.740263640881,0.004988056845564787,474.619873046875,0.0784886513092477,0.043333333333333335,0.88
ns101,moead,p100_i50,5,"120deg, 19 m/s",300,300,133226818.26334624,133145868.3105704,4503376.400390625,4511181.1640625,80949.95277583599,0.06079794574399828,-7804.763671875,-0.17300931592041177,0.32,0.27666666666666667
ns101,moead,p100_i50,6,"30deg, 7 m/s",300,245,133053410.13739616,133058228.26451434,73786.7840576172,73820.0791625977,-4818.1271181851625,-0.0036210666420470605,-33.295104980497854,-0.04510304697338693,0.59,0.3551020408163265
ns101,moead,p100_i50,7,"30deg, 15 m/s",300,300,133159206.42690983,133203343.74091431,2518164.966796875,2518818.171875,-44137.31400448084,-0.03313528982450293,-653.205078125,-0.025932998475977975,0.48,0.31666666666666665
ns101,moead,p100_i50,8,"180deg, 3 m/s",162,208,133052844.01237346,133053345.78826396,199.6034365296,199.1309791207,-501.7758904993534,-0.00037712384271633464,0.47245740889999865,0.23725962227787084,0.5802469135802469,0.375
ns101,moead,p100_i50,9,"270deg, 3 m/s",213,205,133052844.01237345,133052844.01237345,204.006880343,202.9018965364,0.0,0.0,1.1049838066000177,0.5445901814928511,0.5727699530516432,0.33170731707317075
ns101,nsga2,p100_i50,0,"330deg, 13 m/s",299,300,133995908.36434826,133981616.35775636,1607697.2880859375,1606757.791015625,14292.006591901183,0.010667140000564563,939.4970703125,0.05847160508981555,0.10702341137123746,0.8733333333333333
ns101,nsga2,p100_i50,1,"30deg, 4 m/s",300,300,133595719.4666692,133611797.18871371,1898.1665821075,1898.1665821075,-16077.72204451263,-0.012033160531329733,0.0,0.0,0.1,0.74
ns101,nsga2,p100_i50,2,"240deg, 8 m/s",300,300,133909114.63772322,133930084.15639964,163745.6330566406,163745.6330566406,-20969.518676415086,-0.015657063764648645,0.0,0.0,0.8133333333333334,0.12333333333333334
ns101,nsga2,p100_i50,3,"210deg, 4 m/s",300,300,133648449.72914588,133824329.97128242,1898.1665811539,1898.1665811539,-175880.24213653803,-0.1314262079057526,0.0,0.0,0.8533333333333334,0.12666666666666668
ns101,nsga2,p100_i50,4,"90deg, 10 m/s",299,300,133796067.7730938,133762815.8754179,608855.2075195312,608072.5598144531,33251.89767590165,0.024858849941430155,782.647705078125,0.1287095910588272,0.9765886287625418,0.0
ns101,nsga2,p100_i50,5,"120deg, 19 m/s",300,300,133954400.10236011,133830832.74644372,4521204.021484375,4522043.447265625,123567.35591639578,0.09233100727282094,-839.42578125,-0.018562974704667674,0.023333333333333334,0.91
ns101,nsga2,p100_i50,6,"30deg, 7 m/s",300,300,133499269.18592656,133568768.65940437,73943.7025146484,73943.7025146484,-69499.47347781062,-0.05203272754204377,0.0,0.0,0.25,0.6333333333333333
ns101,nsga2,p100_i50,7,"30deg, 15 m/s",300,300,134038952.97240248,133806582.6446385,2519429.396484375,2519429.396484375,232370.32776398957,0.1736613574394282,0.0,0.0,0.6066666666666667,0.27
ns101,nsga2,p100_i50,8,"180deg, 3 m/s",299,300,133808517.30284588,133749336.88397989,200.8192179799,200.9666381478,59180.41886599362,0.04424726151526967,-0.1474201679000089,-0.07335554262075548,0.4816053511705686,0.3566666666666667
ns101,nsga2,p100_i50,9,"270deg, 3 m/s",300,300,133927404.07257092,133803447.91169496,206.9099362493,207.2677221894,123956.16087596118,0.09264048334372325,-0.3577859401000012,-0.17262019204951679,0.6366666666666667,0.20666666666666667
ns178,moead,p100_i50,0,"120deg, 11 m/s",263,300,47364553.0542486,47363774.909787856,782612.9482421875,782612.9482421875,778.1444607451558,0.0016429105624018792,0.0,0.0,0.8022813688212928,0.13666666666666666
ns178,moead,p100_i50,1,"240deg, 7 m/s",168,154,47363207.04138577,47363774.909787856,59369.9020996094,59369.9020996094,-567.8684020861983,-0.0011989508926765183,0.0,0.0,0.47619047619047616,0.24675324675324675
ns178,moead,p100_i50,2,"270deg, 11 m/s",300,300,47363988.7247304,47369729.02441212,695785.4897460938,695785.4897460938,-5740.299681715667,-0.012118075825929654,0.0,0.0,0.43,0.20666666666666667
ns178,moead,p100_i50,3,"60deg, 4 m/s",74,92,47362665.49977556,47363118.914506,1537.4175853729,1537.4175853729,-453.4147304445505,-0.0009573160316215624,0.0,0.0,0.6756756756756757,0.14130434782608695
ns178,moead,p100_i50,4,"270deg, 12 m/s",300,300,47365922.62989447,47363207.04138577,937796.759765625,937796.759765625,2715.5885087028146,0.005733540185169355,0.0,0.0,0.48,0.27
ns178,moead,p100_i50,5,"210deg, 19 m/s",300,300,47363774.909787856,47364506.97203943,2721697.587890625,2720506.509765625,-732.0622515752912,-0.0015455924665434555,1191.078125,0.04378148409954045,0.24666666666666667,0.5033333333333333
ns178,moead,p100_i50,6,"210deg, 11 m/s",300,282,47365428.011170335,47363774.909787856,737015.0751953125,738295.44140625,1653.1013824790716,0.00349022303570118,-1280.3662109375,-0.17342193099536876,0.58,0.20212765957446807
ns178,moead,p100_i50,7,"0deg, 7 m/s",78,60,47362665.49977556,47362665.49977556,37234.3078918457,37328.3323669434,0.0,0.0,-94.0244750976999,-0.2518850137033299,0.5128205128205128,0.06666666666666667
ns178,moead,p100_i50,8,"30deg, 7 m/s",109,143,47363118.914506,47363118.91450602,53887.7637329102,53914.2530822754,-1.4901161193847656e-08,-3.1461528580382066e-14,-26.489349365197995,-0.04913236825292589,0.29357798165137616,0.40559440559440557
ns178,moead,p100_i50,9,"150deg, 15 m/s",270,204,47375919.4712877,47366605.51191808,1983555.0136718752,1983701.3613281248,9313.95936961472,0.019663556780042432,-146.34765624953434,-0.007377504452159667,0.9037037037037037,0.06372549019607843
ns178,nsga2,p100_i50,0,"120deg, 11 m/s",300,300,47412520.25066812,47479710.98480989,782612.9482421875,782612.9482421875,-67190.73414176702,-0.14151462329512338,0.0,0.0,0.4,0.36
ns178,nsga2,p100_i50,1,"240deg, 7 m/s",300,300,47398975.314108685,47530932.327599615,59369.9020996094,59369.9020996094,-131957.0134909302,-0.27762344862380745,0.0,0.0,0.8166666666666667,0.05333333333333334
ns178,nsga2,p100_i50,2,"270deg, 11 m/s",300,300,47439186.09350308,47412543.03948542,695785.4897460938,695785.4897460938,26643.054017663002,0.05619410457581768,0.0,0.0,0.37333333333333335,0.35
ns178,nsga2,p100_i50,3,"60deg, 4 m/s",246,300,47430273.50312552,47413334.63276648,1537.4175853729,1537.4175853729,16938.870359040797,0.035725962938988595,0.0,0.0,0.6991869918699187,0.23333333333333334
ns178,nsga2,p100_i50,4,"270deg, 12 m/s",300,300,47430577.67023434,47432553.3153691,937796.759765625,937796.759765625,-1975.6451347619295,-0.00416516716194104,0.0,0.0,0.31,0.30666666666666664
ns178,nsga2,p100_i50,5,"210deg, 19 m/s",282,300,47457915.46141774,47453611.27789128,2722764.001953125,2723345.751953125,4304.183526463807,0.009070297097639719,-581.75,-0.02136159169590499,0.9893617021276596,0.013333333333333334
ns178,nsga2,p100_i50,6,"210deg, 11 m/s",296,300,47466087.33585284,47434374.98620669,740040.90234375,741840.8505859375,31712.349646151066,0.06685520712641964,-1799.9482421875,-0.24263266720426951,0.08445945945945946,0.8433333333333334
ns178,nsga2,p100_i50,7,"0deg, 7 m/s",226,229,47392954.56500759,47372869.46292838,37412.5010070801,37408.4043273926,20085.102079212666,0.04239790054290517,4.0966796875,0.010951228102772012,0.22566371681415928,0.2925764192139738
ns178,nsga2,p100_i50,8,"30deg, 7 m/s",247,300,47470128.69728402,47487542.078976944,54032.4331665039,54032.733581543,-17413.381692923605,-0.03666936828181854,-0.3004150390988798,-0.0005559871196327893,0.5506072874493927,0.32666666666666666
ns178,nsga2,p100_i50,9,"150deg, 15 m/s",254,262,47464857.289366655,47445113.02880216,1984485.18359375,1984269.26171875,19744.260564498603,0.041614951054100346,215.921875,0.01088168219735315,0.15354330708661418,0.7633587786259542
ns192,moead,p100_i50,0,"120deg, 11 m/s",300,300,65431030.69963373,65431296.39999622,871791.6474609375,871791.6474609375,-265.70036248862743,-0.0004060753448385638,0.0,0.0,0.06333333333333334,0.88
ns192,moead,p100_i50,1,"180deg, 11 m/s",300,300,65429805.25877408,65426001.21197247,827208.9516601562,827298.0522460938,3804.046801611781,0.0058142737308476515,-89.1005859375,-0.010770070798014586,0.86,0.09333333333333334
ns192,moead,p100_i50,2,"240deg, 13 m/s",300,300,65435262.46559313,65438108.26331868,1275293.580078125,1275293.580078125,-2845.7977255508304,-0.004348838621831068,0.0,0.0,0.42333333333333334,0.5
ns192,moead,p100_i50,3,"210deg, 13 m/s",300,299,65440209.982667126,65431931.40023916,1427911.3935546875,1428287.0986328125,8278.582427963614,0.012652205507009313,-375.705078125,-0.026304590896650475,0.7366666666666667,0.1705685618729097
ns192,moead,p100_i50,4,"120deg, 4 m/s",139,132,65419595.3964556,65419595.3964556,1706.8446331024,1706.8446331024,0.0,0.0,0.0,0.0,0.697841726618705,0.13636363636363635
ns192,moead,p100_i50,5,"180deg, 16 m/s",300,299,65432239.27967055,65430186.674907,2648561.47265625,2649329.75,2052.6047635525465,0.0031370914066790167,-768.27734375,-0.02899893241866174,0.3566666666666667,0.34782608695652173
ns192,moead,p100_i50,6,"60deg, 16 m/s",300,300,65424601.24536929,65434001.44770336,2521958.24609375,2521958.24609375,-9400.202334068716,-0.014365929220424666,0.0,0.0,0.4,0.44
ns192,moead,p100_i50,7,"90deg, 10 m/s",300,300,65424766.1149161,65420796.63726448,512348.3198242188,512348.3198242188,3969.477651618421,0.006067608246392644,0.0,0.0,0.5233333333333333,0.30333333333333334
ns192,moead,p100_i50,8,"60deg, 6 m/s",170,201,65420280.5174737,65419866.39469767,17162.4146270752,17162.4146270752,414.12277602404356,0.0006330229620548545,0.0,0.0,0.3941176470588235,0.46766169154228854
ns192,moead,p100_i50,9,"0deg, 15 m/s",137,139,65426917.69063074,65427206.33489378,2186856.173828125,2187695.16796875,-288.6442630365491,-0.000441168558472607,-838.994140625,-0.0383505962306438,0.11678832116788321,0.8633093525179856
ns192,nsga2,p100_i50,0,"120deg, 11 m/s",300,300,65463664.75935192,65581593.71178817,871791.6474609375,871791.6474609375,-117928.95243625343,-0.17982019917740413,0.0,0.0,0.07666666666666666,0.8633333333333333
ns192,nsga2,p100_i50,1,"180deg, 11 m/s",300,300,65503799.955849364,65502987.738401376,831450.8041992188,829839.1791992188,812.217447988689,0.0012399700777503977,1611.625,0.19420931674438316,0.7966666666666666,0.14333333333333334
ns192,nsga2,p100_i50,2,"240deg, 13 m/s",273,300,65511665.82327192,65496923.082436495,1275293.580078125,1275293.580078125,14742.740835428238,0.02250905865741595,0.0,0.0,0.5494505494505495,0.37666666666666665
ns192,nsga2,p100_i50,3,"210deg, 13 m/s",300,300,65466642.209778525,65536724.554239735,1428261.6259765625,1428407.3095703125,-70082.34446121007,-0.10693598884882975,-145.68359375,-0.01019902325995685,0.22666666666666666,0.7066666666666667
ns192,nsga2,p100_i50,4,"120deg, 4 m/s",300,300,65498829.95086069,65473349.12672189,1706.8446331024,1706.8446331024,25480.82413879782,0.03891785662205912,0.0,0.0,0.27666666666666667,0.5933333333333334
ns192,nsga2,p100_i50,5,"180deg, 16 m/s",300,300,65513551.99901019,65470537.742071226,2649812.94140625,2650266.671875,43014.25693896413,0.06570017357795926,-453.73046875,-0.017120181661907877,0.9566666666666667,0.013333333333333334
ns192,nsga2,p100_i50,6,"60deg, 16 m/s",300,297,65475748.67302369,65528031.81223907,2521958.24609375,2521958.24609375,-52283.13921537995,-0.07978744022892308,0.0,0.0,0.75,0.25925925925925924
ns192,nsga2,p100_i50,7,"90deg, 10 m/s",300,300,65468001.09548432,65547085.41246057,512348.3198242188,512348.3198242188,-79084.31697625667,-0.12065268269155206,0.0,0.0,0.44,0.36666666666666664
ns192,nsga2,p100_i50,8,"60deg, 6 m/s",300,300,65486509.317679405,65499737.64218106,17162.4146270752,17162.4146270752,-13228.324501655996,-0.020195996164016863,0.0,0.0,0.23333333333333334,0.7166666666666667
ns192,nsga2,p100_i50,9,"0deg, 15 m/s",130,126,65448255.17957805,65441109.11160765,2188406.166015625,2188021.7578125,7146.067970402539,0.010919845441823358,384.408203125,0.017568755966545623,0.0,0.9761904761904762
ns202,moead,p100_i50,0,"270deg, 9 m/s",297,279,86134797.85062861,86171233.78051917,220802.7109375,220802.7109375,-36435.92989055812,-0.04228317071954845,0.0,0.0,0.6464646464646465,0.24014336917562723
ns202,moead,p100_i50,1,"150deg, 2 m/s",162,200,86124525.54911338,86127184.92912054,8.6167390719,8.5877455249,-2659.38000716269,-0.0030877358981966736,0.028993546999998898,0.3376153487074422,0.4444444444444444,0.535
ns202,moead,p100_i50,2,"300deg, 21 m/s",300,300,86212947.61536662,86178887.65774724,4259325.80078125,4259081.66015625,34059.95761938393,0.039522391788868766,244.140625,0.005732236300701578,0.82,0.07666666666666666
ns202,moead,p100_i50,3,"270deg, 16 m/s",300,300,86258731.01642972,86228270.45284268,2008084.96484375,2008084.96484375,30460.56358703971,0.035325495254712624,0.0,0.0,0.12666666666666668,0.7433333333333333
ns202,moead,p100_i50,4,"240deg, 13 m/s",300,300,86228909.23868541,86277918.12213148,1074665.4248046875,1074665.4248046875,-49008.88344606757,-0.05680350721570797,0.0,0.0,0.22333333333333333,0.52
ns202,moead,p100_i50,5,"240deg, 7 m/s",149,213,86126677.29602142,86136339.69823866,48424.641784668,48424.641784668,-9662.402217239141,-0.011217567696850625,0.0,0.0,0.18120805369127516,0.755868544600939
ns202,moead,p100_i50,6,"180deg, 15 m/s",300,300,86308212.33051814,86254782.39017753,1654607.68359375,1654223.9375,53429.94034060836,0.06194432222774098,383.74609375,0.02319795313383923,0.86,0.09
ns202,moead,p100_i50,7,"300deg, 16 m/s",300,300,86181625.16916353,86153292.26520878,1989663.7421875,1988411.14453125,28332.90395474434,0.03288661780623094,1252.59765625,0.06299490222105392,0.11,0.6666666666666666
ns202,moead,p100_i50,8,"150deg, 10 m/s",300,300,86192211.82468046,86172652.79735288,404444.4404296875,403266.8989257812,19559.02732758224,0.022697487767468463,1177.5415039063082,0.29200053538810966,0.22333333333333333,0.6366666666666667
ns202,moead,p100_i50,9,"210deg, 11 m/s",300,300,86262250.5234517,86256165.8423985,633597.8779296875,633597.8779296875,6084.681053206325,0.007054198379654212,0.0,0.0,0.5466666666666666,0.31
ns202,nsga2,p100_i50,0,"270deg, 9 m/s",300,300,87108952.07377982,86874908.72063297,220802.7109375,220802.7109375,234043.35314685106,0.2694027039492765,0.0,0.0,0.93,0.03
ns202,nsga2,p100_i50,1,"150deg, 2 m/s",299,300,87145350.83132927,87259480.09885825,8.7685786262,8.7576519176,-114129.26752898097,-0.13079297217870348,0.010926708599999557,0.12476755987572954,0.9096989966555183,0.043333333333333335
ns202,nsga2,p100_i50,2,"300deg, 21 m/s",300,300,87536788.35408339,87648131.71222167,4261098.71484375,4260602.02734375,-111343.35813827813,-0.12703449116731416,496.6875,0.011657683510742195,0.04666666666666667,0.8766666666666667
ns202,nsga2,p100_i50,3,"270deg, 16 m/s",300,300,87766556.06708081,87535038.17743595,2008084.96484375,2008084.96484375,231517.88964486122,0.2644859640953923,0.0,0.0,0.19333333333333333,0.74
ns202,nsga2,p100_i50,4,"240deg, 13 m/s",300,300,86890936.87187032,87365927.46139571,1074665.4248046875,1074665.4248046875,-474990.5895253867,-0.5436794449818784,0.0,0.0,0.3466666666666667,0.39666666666666667
ns202,nsga2,p100_i50,5,"240deg, 7 m/s",300,300,87383052.58886392,87734760.50745103,48424.641784668,48424.641784668,-351707.9185871035,-0.4008763647986867,0.0,0.0,0.21666666666666667,0.6333333333333333
ns202,nsga2,p100_i50,6,"180deg, 15 m/s",300,300,87356926.9815945,87668240.04332584,1654607.68359375,1654607.68359375,-311313.0617313385,-0.3551035832103928,0.0,0.0,0.38,0.44666666666666666
ns202,nsga2,p100_i50,7,"300deg, 16 m/s",300,300,87503273.96414705,87600960.94325638,1989926.609375,1991167.16796875,-97686.97910933197,-0.11151359306732812,-1240.55859375,-0.06230308603448557,0.15333333333333332,0.73
ns202,nsga2,p100_i50,8,"150deg, 10 m/s",300,299,87588493.76425245,87370460.16751711,407666.4375,407430.5029296875,218033.59673534334,0.2495507020534208,235.9345703125,0.057907929969891456,0.04666666666666667,0.8695652173913043
ns202,nsga2,p100_i50,9,"210deg, 11 m/s",300,300,87589815.17624322,87442547.42333072,633597.8779296875,633597.8779296875,147267.75291249156,0.16841658580637228,0.0,0.0,0.9566666666666667,0.0033333333333333335
ns203,moead,p100_i50,0,"240deg, 12 m/s",300,300,84499570.94190979,84507074.79599433,905589.4765625,904187.9189453124,-7503.854084536433,-0.00887955724730886,1401.5576171876164,0.15500733728254848,0.8033333333333333,0.07666666666666666
ns203,moead,p100_i50,1,"300deg, 7 m/s",253,209,84482642.73128293,84486110.53080222,45015.8605041504,45015.8605041504,-3467.7995192855597,-0.0041045794361917725,0.0,0.0,0.5810276679841897,0.41626794258373206
ns203,moead,p100_i50,2,"150deg, 10 m/s",289,268,84483476.65344521,84490517.72197577,435638.837890625,435638.837890625,-7041.06853055954,-0.008333560641359612,0.0,0.0,0.24567474048442905,0.667910447761194
ns203,moead,p100_i50,3,"240deg, 2 m/s",121,134,84482252.34875683,84482252.34875683,8.9374639913,8.9642743692,0.0,0.0,-0.026810377900000404,-0.29908029134089353,0.512396694214876,0.3805970149253731
ns203,moead,p100_i50,4,"120deg, 9 m/s",300,300,84488275.92253235,84496092.90599833,206943.9381103516,206943.9381103516,-7816.983465984464,-0.009251295766634839,0.0,0.0,0.75,0.16666666666666666
ns203,moead,p100_i50,5,"330deg, 7 m/s",236,282,84483863.56277943,84489685.49120818,50855.9127197266,50855.9127197266,-5821.9284287542105,-0.006890697242990717,0.0,0.0,0.7288135593220338,0.1702127659574468
ns203,moead,p100_i50,6,"240deg, 8 m/s",300,300,84484225.20184545,84490167.17253508,114017.1500244141,113779.7244873047,-5941.970689624548,-0.007032736338999793,237.4255371094041,0.2086712181623322,0.44,0.29333333333333333
ns203,moead,p100_i50,7,"270deg, 12 m/s",300,300,84515522.40425196,84526869.09549552,903766.482421875,903682.6357421876,-11346.691243559122,-0.013423768518789007,83.84667968738358,0.009278332499829539,0.3233333333333333,0.37666666666666665
ns203,moead,p100_i50,8,"30deg, 7 m/s",210,210,84483220.95998845,84486402.17028582,45737.0653991699,45889.0272521973,-3181.2102973759174,-0.0037653518384698843,-151.96185302740196,-0.33115073935267514,0.6190476190476191,0.14761904761904762
ns203,moead,p100_i50,9,"150deg, 4 m/s",119,145,84482533.313659,84483179.38964191,1302.2160634995,1302.2160634995,-646.0759829133749,-0.0007647391913763455,0.0,0.0,0.3865546218487395,0.47586206896551725
ns203,nsga2,p100_i50,0,"240deg, 12 m/s",300,300,84842524.71395105,84787039.22566403,906216.080078125,905955.3935546876,55485.48828701675,0.06544100229675427,260.6865234373836,0.028774763668499244,0.85,0.043333333333333335
ns203,nsga2,p100_i50,1,"300deg, 7 m/s",285,300,84775320.41722502,84747933.59220272,45015.8605041504,45015.8605041504,27386.825022295117,0.03231562571670167,0.0,0.0,0.02456140350877193,0.9533333333333334
ns203,nsga2,p100_i50,2,"150deg, 10 m/s",254,268,84896286.53545095,84721682.67026861,435638.837890625,435638.837890625,174603.86518234015,0.20609112057168089,0.0,0.0,0.5236220472440944,0.4141791044776119
ns203,nsga2,p100_i50,3,"240deg, 2 m/s",300,300,84853117.38230355,84835241.08203764,9.0273824632,9.0100118965,17876.30026590824,0.021071785779003614,0.017370566700000367,0.19279182868502184,0.33,0.6166666666666667
ns203,nsga2,p100_i50,4,"120deg, 9 m/s",272,267,84804427.81305699,84733635.86898051,206943.9381103516,206943.9381103516,70791.94407647848,0.08354644923527253,0.0,0.0,0.9448529411764706,0.018726591760299626
ns203,nsga2,p100_i50,5,"330deg, 7 m/s",245,265,84731999.60370968,84692501.62781662,50855.9127197266,50855.9127197266,39497.97589306533,0.04663692196345812,0.0,0.0,0.39591836734693875,0.37358490566037733
ns203,nsga2,p100_i50,6,"240deg, 8 m/s",300,300,85075606.63061495,84720396.4420429,114392.1190185547,114289.0484619141,355210.18857204914,0.4192735202969074,103.0705566405959,0.09018410602564718,0.8566666666666667,0.09666666666666666
ns203,nsga2,p100_i50,7,"270deg, 12 m/s",299,297,84840392.62204127,84803588.17770864,903818.048828125,903818.048828125,36804.44433262944,0.04339963098672729,0.0,0.0,0.17391304347826086,0.7104377104377104
ns203,nsga2,p100_i50,8,"30deg, 7 m/s",239,224,84982128.5087501,85045560.4170745,45972.7182312012,46015.0141906738,-63431.90832440555,-0.07458579614659155,-42.29595947259804,-0.09191773645300857,0.891213389121339,0.044642857142857144
ns203,nsga2,p100_i50,9,"150deg, 4 m/s",251,281,84829248.37813048,84720330.16987665,1302.2160634995,1302.2160634995,108918.20825383067,0.1285620677297099,0.0,0.0,0.8446215139442231,0.11743772241992882
ns440,moead,p100_i50,0,"240deg, 9 m/s",300,300,269044504.3320796,269127232.51570743,623792.6010742188,620443.8752441406,-82728.18362784386,-0.030739432369786466,3348.725830078125,0.5397306611755049,0.18,0.7333333333333333
ns440,moead,p100_i50,1,"240deg, 16 m/s",300,300,271453386.4505431,271626618.388598,5926344.177734375,5937042.337890625,-173231.93805491924,-0.0637757591956941,-10698.16015625,-0.18019342877131908,0.27,0.55
ns440,moead,p100_i50,2,"240deg, 8 m/s",300,299,268590567.4923188,268567650.0285754,306563.6027832031,303537.1297607422,22917.463743388653,0.008533218256536202,3026.4730224609375,0.9970684722644975,0.38666666666666666,0.5484949832775919
ns440,moead,p100_i50,3,"300deg, 8 m/s",300,300,268649283.0965916,268662531.933659,315954.5548095703,315629.9758300781,-13248.837067425251,-0.004931404826742567,324.5789794921875,0.10283528319468843,0.5466666666666666,0.4033333333333333
ns440,moead,p100_i50,4,"210deg, 8 m/s",289,286,268689490.8439468,268655428.27279246,306603.4892578125,307275.0935058594,34062.571154356,0.012678906722021974,-671.604248046875,-0.21856774670026038,0.6332179930795848,0.23426573426573427
ns440,moead,p100_i50,5,"60deg, 11 m/s",300,300,270319076.255933,270523162.9741152,1884927.9912109373,1881597.446777344,-204086.71818220615,-0.07544149489400065,3330.5444335932843,0.17700621561203678,0.3566666666666667,0.5366666666666666
ns440,moead,p100_i50,6,"150deg, 8 m/s",297,299,268868770.9808227,268813789.90551656,310876.7834472656,311477.0440063477,54981.075306117535,0.02045321980149993,-600.2605590820895,-0.1927142210421955,0.531986531986532,0.35451505016722407
ns440,moead,p100_i50,7,"0deg, 7 m/s",293,275,268631289.7251625,268566517.5581189,131873.8905639648,131273.4210205078,64772.16704362631,0.024117737249063204,600.469543456973,0.4574189800105586,0.6825938566552902,0.23636363636363636
ns440,moead,p100_i50,8,"30deg, 4 m/s",275,279,268262806.7837084,268268449.4243467,3578.3562955856,3595.6168584824,-5642.640638291836,-0.0021033560414576795,-17.26056289679991,-0.48004455358141435,0.6218181818181818,0.3942652329749104
ns440,moead,p100_i50,9,"210deg, 14 m/s",295,286,271152545.5892567,270957745.7531604,3956354.6523437505,3954050.96875,194799.83609628677,0.07189306788584937,2303.6835937504657,0.058261353026481916,0.2711864406779661,0.5594405594405595
ns440,nsga2,p100_i50,0,"240deg, 9 m/s",300,300,282361897.017687,281586713.41295373,635811.1506347656,637931.6948242188,775183.6047332883,0.27529125765123114,-2120.544189453125,-0.33240928561128136,0.7266666666666667,0.23
ns440,nsga2,p100_i50,1,"240deg, 16 m/s",300,300,281946565.71629614,282177152.4891116,5953819.779296875,5955527.900390625,-230586.77281546593,-0.08171702449381106,-1708.12109375,-0.028681270952285585,0.006666666666666667,0.9766666666666667
ns440,nsga2,p100_i50,2,"240deg, 8 m/s",296,300,281055051.2094433,282125973.220382,314494.529296875,314480.5791015625,-1070922.010938704,-0.37959001034695805,13.9501953125,0.004435948112393529,0.6148648648648649,0.3333333333333333
ns440,nsga2,p100_i50,3,"300deg, 8 m/s",291,289,281167194.43545204,282351400.4249712,320762.9034423828,321042.1340332031,-1184205.9895191789,-0.41940857659526853,-279.2305908203125,-0.08697630660261985,0.18556701030927836,0.7058823529411765
ns440,nsga2,p100_i50,4,"210deg, 8 m/s",293,280,282631088.5693644,283097182.75464094,312593.7407226562,312491.9562988281,-466094.18527650833,-0.16464105390991124,101.78442382806679,0.03257185401941448,0.22525597269624573,0.6178571428571429
ns440,nsga2,p100_i50,5,"60deg, 11 m/s",300,300,283176610.1431275,282976101.30317116,1907787.318847656,1908176.2807617188,200508.83995634317,0.07085716392054066,-388.96191406273283,-0.020383961271516506,0.30333333333333334,0.66
ns440,nsga2,p100_i50,6,"150deg, 8 m/s",291,295,282008060.34641033,281701420.96038574,316635.1307373047,316734.7735595703,306639.3860245943,0.10885262309973064,-99.642822265625,-0.031459388290652764,0.9656357388316151,0.01694915254237288
ns440,nsga2,p100_i50,7,"0deg, 7 m/s",286,283,281154108.69625705,281265470.3181643,134876.3124389648,134773.175201416,-111361.62190723419,-0.03959306550543271,103.13723754879902,0.07652653237164024,0.0,0.9929328621908127
ns440,nsga2,p100_i50,8,"30deg, 4 m/s",286,288,282482142.9775716,282423547.45829844,3623.6762838364,3626.3282299042,58595.51927316189,0.020747391568620484,-2.6519460677995994,-0.07313033734592907,0.2902097902097902,0.6076388888888888
ns440,nsga2,p100_i50,9,"210deg, 14 m/s",288,281,282865620.0945076,282160625.53857005,3975692.640625,3977461.8710937505,704994.5559375286,0.24985575311646704,-1769.2304687504657,-0.04448139356428199,0.3611111111111111,0.4412811387900356
ns465,moead,p100_i50,0,"120deg, 15 m/s",300,300,155324705.76657286,155234084.25456658,2880034.208984375,2880068.666015625,90621.5120062828,0.058377328949017177,-34.45703125,-0.0011963961712645175,0.11333333333333333,0.7766666666666666
ns465,moead,p100_i50,1,"30deg, 9 m/s",300,300,154932389.9585525,154909488.79620966,382146.6650390625,383066.2407226562,22901.162342846394,0.014783576216544032,-919.5756835936918,-0.24005657138016342,0.5666666666666667,0.37333333333333335
ns465,moead,p100_i50,2,"210deg, 3 m/s",241,284,154789404.93741792,154790783.77950135,255.4568445086,255.258069694,-1378.8420834243298,-0.000890777893720393,0.19877481460000013,0.07787209816257279,0.5601659751037344,0.426056338028169
ns465,moead,p100_i50,3,"210deg, 11 m/s",300,300,155085295.24642318,155128307.58412498,1132299.5493164062,1133010.5649414062,-43012.337701797485,-0.027726943181193543,-711.015625,-0.06275454501492404,0.17333333333333334,0.7566666666666667
ns465,moead,p100_i50,4,"180deg, 20 m/s",300,300,155358802.8299876,155282941.5660709,6794680.24609375,6794759.3203125,75861.26391667128,0.04885357216419891,-79.07421875,-0.0011637530488182658,0.8266666666666667,0.11
ns465,moead,p100_i50,5,"60deg, 10 m/s",300,300,155042265.65603647,155047830.23408103,712488.3193359375,711536.7465820312,-5564.578044563532,-0.003588942867605756,951.57275390625,0.13373487152663108,0.26666666666666666,0.6533333333333333
ns465,moead,p100_i50,6,"60deg, 12 m/s",300,300,155132862.69936657,155191517.09272507,1466720.65234375,1466036.21875,-58654.39335849881,-0.03779484501298709,684.43359375,0.04668599486127123,0.51,0.33
ns465,moead,p100_i50,7,"30deg, 3 m/s",265,264,154786176.45914325,154789695.3616309,254.7952906489,254.9902839065,-3518.9024876356125,-0.0022733441521507604,-0.19499325760000374,-0.07647085787453141,0.6,0.42803030303030304
ns465,moead,p100_i50,8,"210deg, 13 m/s",300,300,155220110.6653096,155235341.81841007,1874579.0986328125,1874939.2373046875,-15231.153100460768,-0.009811653017956274,-360.138671875,-0.019208018303180648,0.24333333333333335,0.5666666666666667
ns465,moead,p100_i50,9,"120deg, 8 m/s",297,300,154876379.2827202,154850236.1540223,187704.5230712891,188000.375,26143.128697901964,0.016882847160722837,-295.8519287109084,-0.15736773328824924,0.42424242424242425,0.43333333333333335
ns465,nsga2,p100_i50,0,"120deg, 15 m/s",300,300,158517299.7308414,159257942.59826505,2883863.3828125,2883099.18359375,-740642.8674236536,-0.465058668560071,764.19921875,0.026506171660644517,0.58,0.21
ns465,nsga2,p100_i50,1,"30deg, 9 m/s",300,300,158137161.1275896,157738142.38343057,383983.8010253906,383983.8010253906,399018.74415904284,0.25296275087930625,0.0,0.0,0.59,0.30666666666666664
ns465,nsga2,p100_i50,2,"210deg, 3 m/s",300,300,157683714.92034006,157542439.88423958,255.7222877145,255.8200848103,141275.03610047698,0.08967427202745133,-0.09779709579999007,-0.038228857547487026,0.63,0.36
ns465,nsga2,p100_i50,3,"210deg, 11 m/s",300,300,157910802.43477783,157874145.6879883,1135656.8676757812,1135656.8676757812,36656.74678951502,0.02321896763385242,0.0,0.0,0.9933333333333333,0.0
ns465,nsga2,p100_i50,4,"180deg, 20 m/s",299,300,158608960.3953848,158138051.6716901,6798744.99609375,6799501.7265625,470908.7236946821,0.29778330940382025,-756.73046875,-0.011129204744427154,0.22742474916387959,0.6533333333333333
ns465,nsga2,p100_i50,5,"60deg, 10 m/s",300,300,157827870.86335337,158139301.9502743,713553.328125,713691.9848632812,-311431.08692091703,-0.19693465386539027,-138.65673828125,-0.019428092401487716,0.013333333333333334,0.9833333333333333
ns465,nsga2,p100_i50,6,"60deg, 12 m/s",299,300,158160593.65142977,158569623.81490576,1468350.0341796875,1468350.0341796875,-409030.1634759903,-0.2579498857570859,0.0,0.0,0.8093645484949833,0.09
ns465,nsga2,p100_i50,7,"30deg, 3 m/s",300,300,157556168.26687792,157525539.4250653,255.8479463458,255.8479463458,30628.841812610626,0.019443730790828825,0.0,0.0,0.82,0.06666666666666667
ns465,nsga2,p100_i50,8,"210deg, 13 m/s",300,300,157791652.82019174,157603983.49158728,1877302.2441406248,1877302.2441406248,187669.32860445976,0.119076513452769,0.0,0.0,0.08,0.85
ns465,nsga2,p100_i50,9,"120deg, 8 m/s",300,300,158958287.74181312,158817447.42654616,188440.1427001953,188719.1643066406,140840.31526696682,0.08868063147287779,-279.0216064452834,-0.14785017063339403,0.20333333333333334,0.7766666666666666
ns488,moead,p100_i50,0,"240deg, 10 m/s",300,300,80539063.13931216,80536965.46828438,360261.59375,360261.59375,2097.671027779579,0.0026046064879432862,0.0,0.0,0.38333333333333336,0.48333333333333334
ns488,moead,p100_i50,1,"330deg, 5 m/s",148,158,80500087.055729,80502479.84196302,5000.6765670776,5030.8194885254,-2392.786234021187,-0.0029723136960731417,-30.14292144779938,-0.5991652357344802,0.3581081081081081,0.5189873417721519
ns488,moead,p100_i50,2,"150deg, 13 m/s",300,300,80598812.7199174,80613191.92301339,932983.4140625,932176.9052734376,-14379.20309598744,-0.01783728289746889,806.5087890623836,0.08651885543397028,0.52,0.3566666666666667
ns488,moead,p100_i50,3,"240deg, 12 m/s",300,300,80528520.95841981,80530184.983142,736017.4228515625,736017.4228515625,-1664.0247221887112,-0.0020663366444980276,0.0,0.0,0.45666666666666667,0.24666666666666667
ns488,moead,p100_i50,4,"30deg, 7 m/s",233,249,80500087.055729,80500087.055729,42435.1084594727,42435.1084594727,0.0,0.0,0.0,0.0,0.6437768240343348,0.22088353413654618
ns488,moead,p100_i50,5,"180deg, 7 m/s",215,212,80502259.81480977,80500087.055729,40168.8781738281,40168.8781738281,2172.7590807676315,0.002699076684554966,0.0,0.0,0.2837209302325581,0.6320754716981132
ns488,moead,p100_i50,6,"60deg, 3 m/s",137,144,80500087.055729,80501222.37531412,129.0395979881,129.0395979881,-1135.3195851147175,-0.0014103134730322627,0.0,0.0,0.4306569343065693,0.5
ns488,moead,p100_i50,7,"0deg, 8 m/s",145,133,80503517.2814587,80511183.71782985,89746.1909790039,89746.1909790039,-7666.436371147633,-0.00952220054050682,0.0,0.0,0.45517241379310347,0.45112781954887216
ns488,moead,p100_i50,8,"120deg, 9 m/s",300,300,80537677.12336102,80517616.46250717,191745.3203125,191148.3002929688,20060.66085384786,0.024914623327416875,597.0200195311918,0.3123334178834718,0.6,0.29
ns488,moead,p100_i50,9,"120deg, 15 m/s",300,300,80530543.43929617,80574608.78157514,1436969.935546875,1436730.357421875,-44065.34227897227,-0.0546888690436293,239.578125,0.016675232326120563,0.53,0.30333333333333334
ns488,nsga2,p100_i50,0,"240deg, 10 m/s",300,300,80906287.76913956,80870238.77744552,360261.59375,360261.59375,36048.991694033146,0.04457633888436979,0.0,0.0,0.006666666666666667,0.9766666666666667
ns488,nsga2,p100_i50,1,"330deg, 5 m/s",300,298,80961158.32693166,80876998.46660937,5077.6171188354,5061.92162323,84159.86032228172,0.10405907973578878,15.695495605400538,0.31006990573246535,0.35,0.5704697986577181
ns488,nsga2,p100_i50,2,"150deg, 13 m/s",300,296,80967625.92157477,81033407.79469238,934497.8544921876,934753.966796875,-65781.87311761081,-0.08117870753291886,-256.1123046873836,-0.02739890000841661,0.24666666666666667,0.6351351351351351
ns488,nsga2,p100_i50,3,"240deg, 12 m/s",300,300,80924646.7369967,80980590.0686135,736017.4228515625,736017.4228515625,-55943.331616804004,-0.0690823956325882,0.0,0.0,0.28,0.6633333333333333
ns488,nsga2,p100_i50,4,"30deg, 7 m/s",300,300,80892131.30943084,80789721.36858432,42435.1084594727,42435.1084594727,102409.94084651768,0.12676110167442728,0.0,0.0,0.15666666666666668,0.7833333333333333
ns488,nsga2,p100_i50,5,"180deg, 7 m/s",300,300,81125763.40090294,81082737.06066158,40168.8781738281,40168.8781738281,43026.340241357684,0.05306473585020666,0.0,0.0,0.9633333333333334,0.043333333333333335
ns488,nsga2,p100_i50,6,"60deg, 3 m/s",300,300,81016344.49288198,80886305.59723048,129.0395979881,129.0395979881,130038.8956515044,0.16076750531669343,0.0,0.0,0.93,0.08333333333333333
ns488,nsga2,p100_i50,7,"0deg, 8 m/s",161,249,80719221.07891254,80676574.10658506,89746.1909790039,89746.1909790039,42646.97232748568,0.052861655071202024,0.0,0.0,0.906832298136646,0.07228915662650602
ns488,nsga2,p100_i50,8,"120deg, 9 m/s",300,300,80973225.28052935,80906039.3963488,191875.3156738281,191875.8657226562,67185.8841805458,0.08304186520787449,-0.5500488280958962,-0.00028666910558254117,0.35,0.4866666666666667
ns488,nsga2,p100_i50,9,"120deg, 15 m/s",300,300,81021926.33458969,80921094.29414739,1437489.046875,1437460.80078125,100832.04044230282,0.12460538419782034,28.24609375,0.001964999235780791,0.11666666666666667,0.7533333333333333
