global_index,zone,zone_index,x,y
0,0,0,126859.990345,128081.765435
1,0,1,126662.450352,127885.801518
2,0,2,126859.990345,127885.801518
3,0,3,126464.910358,127689.837601
4,0,4,126662.450352,127689.837601
5,0,5,126267.370365,127493.873684
6,0,6,126464.910358,127493.873684
7,0,7,126069.830372,127297.909767
8,0,8,126267.370365,127297.909767
9,0,9,125872.290379,127101.945850
10,0,10,126069.830372,127101.945850
11,0,11,125674.750385,126905.981933
12,0,12,125872.290379,126905.981933
13,0,13,125477.210392,126710.018016
14,0,14,125674.750385,126710.018016
15,0,15,125082.130405,126514.054099
16,0,16,125279.670399,126514.054099
17,0,17,125477.210392,126514.054099
18,0,18,125674.750385,126514.054099
19,0,19,124884.590412,126318.090182
20,0,20,125082.130405,126318.090182
21,0,21,125279.670399,126318.090182
22,0,22,125477.210392,126318.090182
23,0,23,124687.050419,126122.126265
24,0,24,124884.590412,126122.126265
25,0,25,125082.130405,126122.126265
26,0,26,125279.670399,126122.126265
27,0,27,124489.510426,125926.162348
28,0,28,124687.050419,125926.162348
29,0,29,124884.590412,125926.162348
30,0,30,125082.130405,125926.162348
31,0,31,124291.970432,125730.198431
32,0,32,124489.510426,125730.198431
33,0,33,124687.050419,125730.198431
34,0,34,124884.590412,125730.198431
35,0,35,124094.430439,125534.234514
36,0,36,124291.970432,125534.234514
37,0,37,124489.510426,125534.234514
38,0,38,124687.050419,125534.234514
39,0,39,123896.890446,125338.270597
40,0,40,124094.430439,125338.270597
41,0,41,124291.970432,125338.270597
42,0,42,124489.510426,125338.270597
43,0,43,123501.810459,125142.306680
44,0,44,123699.350453,125142.306680
45,0,45,123896.890446,125142.306680
46,0,46,124094.430439,125142.306680
47,0,47,124291.970432,125142.306680
48,0,48,123304.270466,124946.342763
49,0,49,123501.810459,124946.342763
50,0,50,123699.350453,124946.342763
51,0,51,123896.890446,124946.342763
52,0,52,124094.430439,124946.342763
53,0,53,124291.970432,124946.342763
54,0,54,123106.730473,124750.378846
55,0,55,123304.270466,124750.378846
56,0,56,123501.810459,124750.378846
57,0,57,123699.350453,124750.378846
58,0,58,123896.890446,124750.378846
59,0,59,124094.430439,124750.378846
60,0,60,122909.190480,124554.414929
61,0,61,123106.730473,124554.414929
62,0,62,123304.270466,124554.414929
63,0,63,123501.810459,124554.414929
64,0,64,123699.350453,124554.414929
65,0,65,123896.890446,124554.414929
66,0,66,122711.650486,124358.451012
67,0,67,122909.190480,124358.451012
68,0,68,123106.730473,124358.451012
69,0,69,123304.270466,124358.451012
70,0,70,123501.810459,124358.451012
71,0,71,123699.350453,124358.451012
72,0,72,122514.110493,124162.487095
73,0,73,122711.650486,124162.487095
74,0,74,122909.190480,124162.487095
75,0,75,123106.730473,124162.487095
76,0,76,123304.270466,124162.487095
77,0,77,123501.810459,124162.487095
78,0,78,122316.570500,123966.523178
79,0,79,122514.110493,123966.523178
80,0,80,122711.650486,123966.523178
81,0,81,122909.190480,123966.523178
82,0,82,123106.730473,123966.523178
83,0,83,123304.270466,123966.523178
84,0,84,122119.030506,123770.559261
85,0,85,122316.570500,123770.559261
86,0,86,122514.110493,123770.559261
87,0,87,122711.650486,123770.559261
88,0,88,122909.190480,123770.559261
89,0,89,123106.730473,123770.559261
90,0,90,121723.950520,123574.595344
91,0,91,121921.490513,123574.595344
92,0,92,122119.030506,123574.595344
93,0,93,122316.570500,123574.595344
94,0,94,122514.110493,123574.595344
95,0,95,122909.190480,123574.595344
96,0,96,123106.730473,123574.595344
97,0,97,121526.410527,123378.631427
98,0,98,121723.950520,123378.631427
99,0,99,121921.490513,123378.631427
100,0,100,122119.030506,123378.631427
101,0,101,122316.570500,123378.631427
102,0,102,122514.110493,123378.631427
103,0,103,122711.650486,123378.631427
104,0,104,122909.190480,123378.631427
105,0,105,121328.870533,123182.667510
106,0,106,121526.410527,123182.667510
107,0,107,121723.950520,123182.667510
108,0,108,121921.490513,123182.667510
109,0,109,122119.030506,123182.667510
110,0,110,122316.570500,123182.667510
111,0,111,122514.110493,123182.667510
112,0,112,122711.650486,123182.667510
113,0,113,121131.330540,122986.703593
114,0,114,121328.870533,122986.703593
115,0,115,121526.410527,122986.703593
116,0,116,121723.950520,122986.703593
117,0,117,121921.490513,122986.703593
118,0,118,122119.030506,122986.703593
119,0,119,122316.570500,122986.703593
120,0,120,122514.110493,122986.703593
121,0,121,120933.790547,122790.739676
122,0,122,121131.330540,122790.739676
123,0,123,121328.870533,122790.739676
124,0,124,121526.410527,122790.739676
125,0,125,121723.950520,122790.739676
126,0,126,121921.490513,122790.739676
127,0,127,122119.030506,122790.739676
128,0,128,122316.570500,122790.739676
129,0,129,120736.250554,122594.775759
130,0,130,120933.790547,122594.775759
131,0,131,121131.330540,122594.775759
132,0,132,121328.870533,122594.775759
133,0,133,121526.410527,122594.775759
134,0,134,121723.950520,122594.775759
135,0,135,121921.490513,122594.775759
136,0,136,122119.030506,122594.775759
137,0,137,120538.710560,122398.811842
138,0,138,120736.250554,122398.811842
139,0,139,120933.790547,122398.811842
140,0,140,121131.330540,122398.811842
141,0,141,121328.870533,122398.811842
142,0,142,121526.410527,122398.811842
143,0,143,121723.950520,122398.811842
144,0,144,121921.490513,122398.811842
145,0,145,120143.630574,122202.847925
146,0,146,120341.170567,122202.847925
147,0,147,120538.710560,122202.847925
148,0,148,120736.250554,122202.847925
149,0,149,120933.790547,122202.847925
150,0,150,121131.330540,122202.847925
151,0,151,121328.870533,122202.847925
152,0,152,121526.410527,122202.847925
153,0,153,121723.950520,122202.847925
154,0,154,121921.490513,122202.847925
155,0,155,119946.090581,122006.884008
156,0,156,120143.630574,122006.884008
157,0,157,120341.170567,122006.884008
158,0,158,120538.710560,122006.884008
159,0,159,120736.250554,122006.884008
160,0,160,120933.790547,122006.884008
161,0,161,121131.330540,122006.884008
162,0,162,121328.870533,122006.884008
163,0,163,121526.410527,122006.884008
164,0,164,121723.950520,122006.884008
165,0,165,121921.490513,122006.884008
166,0,166,122119.030506,122006.884008
167,0,167,119748.550587,121810.920091
168,0,168,119946.090581,121810.920091
169,0,169,120143.630574,121810.920091
170,0,170,120341.170567,121810.920091
171,0,171,120538.710560,121810.920091
172,0,172,120736.250554,121810.920091
173,0,173,120933.790547,121810.920091
174,0,174,121131.330540,121810.920091
175,0,175,121328.870533,121810.920091
176,0,176,121526.410527,121810.920091
177,0,177,121723.950520,121810.920091
178,0,178,121921.490513,121810.920091
179,0,179,122119.030506,121810.920091
180,0,180,122316.570500,121810.920091
181,0,181,119551.010594,121614.956174
182,0,182,119748.550587,121614.956174
183,0,183,119946.090581,121614.956174
184,0,184,120143.630574,121614.956174
185,0,185,120341.170567,121614.956174
186,0,186,120538.710560,121614.956174
187,0,187,120736.250554,121614.956174
188,0,188,120933.790547,121614.956174
189,0,189,121131.330540,121614.956174
190,0,190,121328.870533,121614.956174
191,0,191,121526.410527,121614.956174
192,0,192,121723.950520,121614.956174
193,0,193,121921.490513,121614.956174
194,0,194,122119.030506,121614.956174
195,0,195,122909.190480,121614.956174
196,0,196,123106.730473,121614.956174
197,0,197,123304.270466,121614.956174
198,0,198,123501.810459,121614.956174
199,0,199,123699.350453,121614.956174
200,0,200,119353.470601,121418.992257
201,0,201,119551.010594,121418.992257
202,0,202,119748.550587,121418.992257
203,0,203,119946.090581,121418.992257
204,0,204,120143.630574,121418.992257
205,0,205,120341.170567,121418.992257
206,0,206,120538.710560,121418.992257
207,0,207,120736.250554,121418.992257
208,0,208,120933.790547,121418.992257
209,0,209,121131.330540,121418.992257
210,0,210,121328.870533,121418.992257
211,0,211,121526.410527,121418.992257
212,0,212,121723.950520,121418.992257
213,0,213,121921.490513,121418.992257
214,0,214,122514.110493,121418.992257
215,0,215,122711.650486,121418.992257
216,0,216,122909.190480,121418.992257
217,0,217,123106.730473,121418.992257
218,0,218,123304.270466,121418.992257
219,0,219,123501.810459,121418.992257
220,0,220,123699.350453,121418.992257
221,0,221,123896.890446,121418.992257
222,0,222,124094.430439,121418.992257
223,0,223,124291.970432,121418.992257
224,0,224,119155.930607,121223.028340
225,0,225,119353.470601,121223.028340
226,0,226,119551.010594,121223.028340
227,0,227,119748.550587,121223.028340
228,0,228,119946.090581,121223.028340
229,0,229,120143.630574,121223.028340
230,0,230,120341.170567,121223.028340
231,0,231,120538.710560,121223.028340
232,0,232,120736.250554,121223.028340
233,0,233,120933.790547,121223.028340
234,0,234,121131.330540,121223.028340
235,0,235,121328.870533,121223.028340
236,0,236,121526.410527,121223.028340
237,0,237,121723.950520,121223.028340
238,0,238,122316.570500,121223.028340
239,0,239,122514.110493,121223.028340
240,0,240,122711.650486,121223.028340
241,0,241,122909.190480,121223.028340
242,0,242,123106.730473,121223.028340
243,0,243,123304.270466,121223.028340
244,0,244,123501.810459,121223.028340
245,0,245,123699.350453,121223.028340
246,0,246,123896.890446,121223.028340
247,0,247,124094.430439,121223.028340
248,0,248,124291.970432,121223.028340
249,0,249,124489.510426,121223.028340
250,0,250,124687.050419,121223.028340
251,0,251,124884.590412,121223.028340
252,0,252,125082.130405,121223.028340
253,0,253,118958.390614,121027.064423
254,0,254,119155.930607,121027.064423
255,0,255,119353.470601,121027.064423
256,0,256,119551.010594,121027.064423
257,0,257,119748.550587,121027.064423
258,0,258,119946.090581,121027.064423
259,0,259,120143.630574,121027.064423
260,0,260,120341.170567,121027.064423
261,0,261,120538.710560,121027.064423
262,0,262,120736.250554,121027.064423
263,0,263,120933.790547,121027.064423
264,0,264,121131.330540,121027.064423
265,0,265,121328.870533,121027.064423
266,0,266,121526.410527,121027.064423
267,0,267,122119.030506,121027.064423
268,0,268,122316.570500,121027.064423
269,0,269,122514.110493,121027.064423
270,0,270,122711.650486,121027.064423
271,0,271,122909.190480,121027.064423
272,0,272,123106.730473,121027.064423
273,0,273,123304.270466,121027.064423
274,0,274,123501.810459,121027.064423
275,0,275,123699.350453,121027.064423
276,0,276,123896.890446,121027.064423
277,0,277,124094.430439,121027.064423
278,0,278,124291.970432,121027.064423
279,0,279,124489.510426,121027.064423
280,0,280,124687.050419,121027.064423
281,0,281,124884.590412,121027.064423
282,0,282,125082.130405,121027.064423
283,0,283,118760.850621,120831.100506
284,0,284,118958.390614,120831.100506
285,0,285,119155.930607,120831.100506
286,0,286,119353.470601,120831.100506
287,0,287,119551.010594,120831.100506
288,0,288,119748.550587,120831.100506
289,0,289,119946.090581,120831.100506
290,0,290,120143.630574,120831.100506
291,0,291,120341.170567,120831.100506
292,0,292,120538.710560,120831.100506
293,0,293,120736.250554,120831.100506
294,0,294,120933.790547,120831.100506
295,0,295,121131.330540,120831.100506
296,0,296,121328.870533,120831.100506
297,0,297,121921.490513,120831.100506
298,0,298,122119.030506,120831.100506
299,0,299,122316.570500,120831.100506
300,0,300,122514.110493,120831.100506
301,0,301,122711.650486,120831.100506
302,0,302,122909.190480,120831.100506
303,0,303,123106.730473,120831.100506
304,0,304,123304.270466,120831.100506
305,0,305,123501.810459,120831.100506
306,0,306,123896.890446,120831.100506
307,0,307,124094.430439,120831.100506
308,0,308,124291.970432,120831.100506
309,0,309,124489.510426,120831.100506
310,0,310,124687.050419,120831.100506
311,0,311,125872.290379,120831.100506
312,0,312,126069.830372,120831.100506
313,0,313,126267.370365,120831.100506
314,0,314,126464.910358,120831.100506
315,0,315,118365.770634,120635.136589
316,0,316,118563.310628,120635.136589
317,0,317,118760.850621,120635.136589
318,0,318,118958.390614,120635.136589
319,0,319,119155.930607,120635.136589
320,0,320,119353.470601,120635.136589
321,0,321,119551.010594,120635.136589
322,0,322,119748.550587,120635.136589
323,0,323,119946.090581,120635.136589
324,0,324,120143.630574,120635.136589
325,0,325,120341.170567,120635.136589
326,0,326,120538.710560,120635.136589
327,0,327,120736.250554,120635.136589
328,0,328,120933.790547,120635.136589
329,0,329,121723.950520,120635.136589
330,0,330,121921.490513,120635.136589
331,0,331,122119.030506,120635.136589
332,0,332,122316.570500,120635.136589
333,0,333,122514.110493,120635.136589
334,0,334,122711.650486,120635.136589
335,0,335,122909.190480,120635.136589
336,0,336,123106.730473,120635.136589
337,0,337,123304.270466,120635.136589
338,0,338,123501.810459,120635.136589
339,0,339,123699.350453,120635.136589
340,0,340,123896.890446,120635.136589
341,0,341,124094.430439,120635.136589
342,0,342,124291.970432,120635.136589
343,0,343,125477.210392,120635.136589
344,0,344,125674.750385,120635.136589
345,0,345,125872.290379,120635.136589
346,0,346,126069.830372,120635.136589
347,0,347,126267.370365,120635.136589
348,0,348,126464.910358,120635.136589
349,0,349,126662.450352,120635.136589
350,0,350,126859.990345,120635.136589
351,0,351,127057.530338,120635.136589
352,0,352,127255.070331,120635.136589
353,0,353,118168.230641,120439.172672
354,0,354,118365.770634,120439.172672
355,0,355,118563.310628,120439.172672
356,0,356,118760.850621,120439.172672
357,0,357,118958.390614,120439.172672
358,0,358,119155.930607,120439.172672
359,0,359,119353.470601,120439.172672
360,0,360,119551.010594,120439.172672
361,0,361,119748.550587,120439.172672
362,0,362,119946.090581,120439.172672
363,0,363,120143.630574,120439.172672
364,0,364,120341.170567,120439.172672
365,0,365,120538.710560,120439.172672
366,0,366,120736.250554,120439.172672
367,0,367,121526.410527,120439.172672
368,0,368,121723.950520,120439.172672
369,0,369,121921.490513,120439.172672
370,0,370,122119.030506,120439.172672
371,0,371,122316.570500,120439.172672
372,0,372,122514.110493,120439.172672
373,0,373,122711.650486,120439.172672
374,0,374,122909.190480,120439.172672
375,0,375,123106.730473,120439.172672
376,0,376,123304.270466,120439.172672
377,0,377,123501.810459,120439.172672
378,0,378,123699.350453,120439.172672
379,0,379,123896.890446,120439.172672
380,0,380,124094.430439,120439.172672
381,0,381,125477.210392,120439.172672
382,0,382,125674.750385,120439.172672
383,0,383,125872.290379,120439.172672
384,0,384,126069.830372,120439.172672
385,0,385,126267.370365,120439.172672
386,0,386,126464.910358,120439.172672
387,0,387,126662.450352,120439.172672
388,0,388,126859.990345,120439.172672
389,0,389,127057.530338,120439.172672
390,0,390,127255.070331,120439.172672
391,0,391,127452.610325,120439.172672
392,0,392,127650.150318,120439.172672
393,0,393,127847.690311,120439.172672
394,0,394,128045.230305,120439.172672
395,0,395,117970.690648,120243.208755
396,0,396,118168.230641,120243.208755
397,0,397,118365.770634,120243.208755
398,0,398,118563.310628,120243.208755
399,0,399,118760.850621,120243.208755
400,0,400,118958.390614,120243.208755
401,0,401,119155.930607,120243.208755
402,0,402,119353.470601,120243.208755
403,0,403,119551.010594,120243.208755
404,0,404,119748.550587,120243.208755
405,0,405,119946.090581,120243.208755
406,0,406,120143.630574,120243.208755
407,0,407,120341.170567,120243.208755
408,0,408,120538.710560,120243.208755
409,0,409,121328.870533,120243.208755
410,0,410,121526.410527,120243.208755
411,0,411,121723.950520,120243.208755
412,0,412,121921.490513,120243.208755
413,0,413,122119.030506,120243.208755
414,0,414,122316.570500,120243.208755
415,0,415,122514.110493,120243.208755
416,0,416,122711.650486,120243.208755
417,0,417,122909.190480,120243.208755
418,0,418,123106.730473,120243.208755
419,0,419,123304.270466,120243.208755
420,0,420,123501.810459,120243.208755
421,0,421,123699.350453,120243.208755
422,0,422,125674.750385,120243.208755
423,0,423,125872.290379,120243.208755
424,0,424,126069.830372,120243.208755
425,0,425,126267.370365,120243.208755
426,0,426,126662.450352,120243.208755
427,0,427,126859.990345,120243.208755
428,0,428,127057.530338,120243.208755
429,0,429,127255.070331,120243.208755
430,0,430,127452.610325,120243.208755
431,0,431,127650.150318,120243.208755
432,0,432,127847.690311,120243.208755
433,0,433,128045.230305,120243.208755
434,0,434,128242.770298,120243.208755
435,0,435,117773.150655,120047.244838
436,0,436,117970.690648,120047.244838
437,0,437,118168.230641,120047.244838
438,0,438,118365.770634,120047.244838
439,0,439,118563.310628,120047.244838
440,0,440,118760.850621,120047.244838
441,0,441,118958.390614,120047.244838
442,0,442,119155.930607,120047.244838
443,0,443,119353.470601,120047.244838
444,0,444,119551.010594,120047.244838
445,0,445,119748.550587,120047.244838
446,0,446,119946.090581,120047.244838
447,0,447,120143.630574,120047.244838
448,0,448,120341.170567,120047.244838
449,0,449,120933.790547,120047.244838
450,0,450,121131.330540,120047.244838
451,0,451,121328.870533,120047.244838
452,0,452,121526.410527,120047.244838
453,0,453,121723.950520,120047.244838
454,0,454,121921.490513,120047.244838
455,0,455,122119.030506,120047.244838
456,0,456,122316.570500,120047.244838
457,0,457,122514.110493,120047.244838
458,0,458,122711.650486,120047.244838
459,0,459,122909.190480,120047.244838
460,0,460,123106.730473,120047.244838
461,0,461,123304.270466,120047.244838
462,0,462,124489.510426,120047.244838
463,0,463,124687.050419,120047.244838
464,0,464,124884.590412,120047.244838
465,0,465,126069.830372,120047.244838
466,0,466,126267.370365,120047.244838
467,0,467,126464.910358,120047.244838
468,0,468,126662.450352,120047.244838
469,0,469,126859.990345,120047.244838
470,0,470,127057.530338,120047.244838
471,0,471,127255.070331,120047.244838
472,0,472,127452.610325,120047.244838
473,0,473,127650.150318,120047.244838
474,0,474,127847.690311,120047.244838
475,0,475,128045.230305,120047.244838
476,0,476,129230.470264,120047.244838
477,0,477,129428.010257,120047.244838
478,0,478,117575.610661,119851.280921
479,0,479,117773.150655,119851.280921
480,0,480,117970.690648,119851.280921
481,0,481,118168.230641,119851.280921
482,0,482,118365.770634,119851.280921
483,0,483,118563.310628,119851.280921
484,0,484,118760.850621,119851.280921
485,0,485,118958.390614,119851.280921
486,0,486,119155.930607,119851.280921
487,0,487,119353.470601,119851.280921
488,0,488,119551.010594,119851.280921
489,0,489,119748.550587,119851.280921
490,0,490,119946.090581,119851.280921
491,0,491,120143.630574,119851.280921
492,0,492,120736.250554,119851.280921
493,0,493,120933.790547,119851.280921
494,0,494,121131.330540,119851.280921
495,0,495,121526.410527,119851.280921
496,0,496,121723.950520,119851.280921
497,0,497,121921.490513,119851.280921
498,0,498,122119.030506,119851.280921
499,0,499,122316.570500,119851.280921
500,0,500,122514.110493,119851.280921
501,0,501,122711.650486,119851.280921
502,0,502,122909.190480,119851.280921
503,0,503,124094.430439,119851.280921
504,0,504,124291.970432,119851.280921
505,0,505,124489.510426,119851.280921
506,0,506,124687.050419,119851.280921
507,0,507,124884.590412,119851.280921
508,0,508,125082.130405,119851.280921
509,0,509,125279.670399,119851.280921
510,0,510,126267.370365,119851.280921
511,0,511,126464.910358,119851.280921
512,0,512,126662.450352,119851.280921
513,0,513,126859.990345,119851.280921
514,0,514,127057.530338,119851.280921
515,0,515,127255.070331,119851.280921
516,0,516,127452.610325,119851.280921
517,0,517,127650.150318,119851.280921
518,0,518,127847.690311,119851.280921
519,0,519,128045.230305,119851.280921
520,0,520,129428.010257,119851.280921
521,0,521,129625.550251,119851.280921
522,0,522,129823.090244,119851.280921
523,0,523,130020.630237,119851.280921
524,0,524,130218.170230,119851.280921
525,0,525,117378.070668,119655.317004
526,0,526,117575.610661,119655.317004
527,0,527,117773.150655,119655.317004
528,0,528,117970.690648,119655.317004
529,0,529,118168.230641,119655.317004
530,0,530,118365.770634,119655.317004
531,0,531,118563.310628,119655.317004
532,0,532,118760.850621,119655.317004
533,0,533,118958.390614,119655.317004
534,0,534,119155.930607,119655.317004
535,0,535,119353.470601,119655.317004
536,0,536,119551.010594,119655.317004
537,0,537,119748.550587,119655.317004
538,0,538,119946.090581,119655.317004
539,0,539,120538.710560,119655.317004
540,0,540,120736.250554,119655.317004
541,0,541,120933.790547,119655.317004
542,0,542,121131.330540,119655.317004
543,0,543,121328.870533,119655.317004
544,0,544,121526.410527,119655.317004
545,0,545,121723.950520,119655.317004
546,0,546,121921.490513,119655.317004
547,0,547,122119.030506,119655.317004
548,0,548,122316.570500,119655.317004
549,0,549,122514.110493,119655.317004
550,0,550,123699.350453,119655.317004
551,0,551,123896.890446,119655.317004
552,0,552,124094.430439,119655.317004
553,0,553,124291.970432,119655.317004
554,0,554,124489.510426,119655.317004
555,0,555,124687.050419,119655.317004
556,0,556,124884.590412,119655.317004
557,0,557,125082.130405,119655.317004
558,0,558,125279.670399,119655.317004
559,0,559,125477.210392,119655.317004
560,0,560,126662.450352,119655.317004
561,0,561,126859.990345,119655.317004
562,0,562,127057.530338,119655.317004
563,0,563,127255.070331,119655.317004
564,0,564,127452.610325,119655.317004
565,0,565,127650.150318,119655.317004
566,0,566,127847.690311,119655.317004
567,0,567,128045.230305,119655.317004
568,0,568,128242.770298,119655.317004
569,0,569,129625.550251,119655.317004
570,0,570,129823.090244,119655.317004
571,0,571,130020.630237,119655.317004
572,0,572,130218.170230,119655.317004
573,0,573,130415.710224,119655.317004
574,0,574,130613.250217,119655.317004
575,0,575,117180.530675,119459.353087
576,0,576,117378.070668,119459.353087
577,0,577,117575.610661,119459.353087
578,0,578,117773.150655,119459.353087
579,0,579,117970.690648,119459.353087
580,0,580,118168.230641,119459.353087
581,0,581,118365.770634,119459.353087
582,0,582,118563.310628,119459.353087
583,0,583,118760.850621,119459.353087
584,0,584,118958.390614,119459.353087
585,0,585,119155.930607,119459.353087
586,0,586,119353.470601,119459.353087
587,0,587,119551.010594,119459.353087
588,0,588,119748.550587,119459.353087
589,0,589,120341.170567,119459.353087
590,0,590,120538.710560,119459.353087
591,0,591,120736.250554,119459.353087
592,0,592,120933.790547,119459.353087
593,0,593,121131.330540,119459.353087
594,0,594,121328.870533,119459.353087
595,0,595,121526.410527,119459.353087
596,0,596,121723.950520,119459.353087
597,0,597,121921.490513,119459.353087
598,0,598,122119.030506,119459.353087
599,0,599,123304.270466,119459.353087
600,0,600,123501.810459,119459.353087
601,0,601,123699.350453,119459.353087
602,0,602,123896.890446,119459.353087
603,0,603,124094.430439,119459.353087
604,0,604,124291.970432,119459.353087
605,0,605,124489.510426,119459.353087
606,0,606,124687.050419,119459.353087
607,0,607,124884.590412,119459.353087
608,0,608,125082.130405,119459.353087
609,0,609,125279.670399,119459.353087
610,0,610,125477.210392,119459.353087
611,0,611,125674.750385,119459.353087
612,0,612,125872.290379,119459.353087
613,0,613,126859.990345,119459.353087
614,0,614,127057.530338,119459.353087
615,0,615,127255.070331,119459.353087
616,0,616,127452.610325,119459.353087
617,0,617,127650.150318,119459.353087
618,0,618,127847.690311,119459.353087
619,0,619,128045.230305,119459.353087
620,0,620,128242.770298,119459.353087
621,0,621,129625.550251,119459.353087
622,0,622,129823.090244,119459.353087
623,0,623,130020.630237,119459.353087
624,0,624,130218.170230,119459.353087
625,0,625,130415.710224,119459.353087
626,0,626,130613.250217,119459.353087
627,0,627,130810.790210,119459.353087
628,0,628,131205.870197,119459.353087
629,0,629,131403.410190,119459.353087
630,0,630,131600.950183,119459.353087
631,0,631,116785.450688,119263.389170
632,0,632,116982.990682,119263.389170
633,0,633,117378.070668,119263.389170
634,0,634,117575.610661,119263.389170
635,0,635,117773.150655,119263.389170
636,0,636,117970.690648,119263.389170
637,0,637,118168.230641,119263.389170
638,0,638,118365.770634,119263.389170
639,0,639,118563.310628,119263.389170
640,0,640,118760.850621,119263.389170
641,0,641,118958.390614,119263.389170
642,0,642,119155.930607,119263.389170
643,0,643,119353.470601,119263.389170
644,0,644,120143.630574,119263.389170
645,0,645,120341.170567,119263.389170
646,0,646,120538.710560,119263.389170
647,0,647,120736.250554,119263.389170
648,0,648,120933.790547,119263.389170
649,0,649,121131.330540,119263.389170
650,0,650,121328.870533,119263.389170
651,0,651,121526.410527,119263.389170
652,0,652,121723.950520,119263.389170
653,0,653,121921.490513,119263.389170
654,0,654,122909.190480,119263.389170
655,0,655,123106.730473,119263.389170
656,0,656,123304.270466,119263.389170
657,0,657,123501.810459,119263.389170
658,0,658,123699.350453,119263.389170
659,0,659,123896.890446,119263.389170
660,0,660,124094.430439,119263.389170
661,0,661,124291.970432,119263.389170
662,0,662,124489.510426,119263.389170
663,0,663,124687.050419,119263.389170
664,0,664,124884.590412,119263.389170
665,0,665,125082.130405,119263.389170
666,0,666,125279.670399,119263.389170
667,0,667,125477.210392,119263.389170
668,0,668,125674.750385,119263.389170
669,0,669,125872.290379,119263.389170
670,0,670,126069.830372,119263.389170
671,0,671,127255.070331,119263.389170
672,0,672,127452.610325,119263.389170
673,0,673,127650.150318,119263.389170
674,0,674,127847.690311,119263.389170
675,0,675,128045.230305,119263.389170
676,0,676,128242.770298,119263.389170
677,0,677,129823.090244,119263.389170
678,0,678,130020.630237,119263.389170
679,0,679,130218.170230,119263.389170
680,0,680,130810.790210,119263.389170
681,0,681,131008.330204,119263.389170
682,0,682,131205.870197,119263.389170
683,0,683,131403.410190,119263.389170
684,0,684,131600.950183,119263.389170
685,0,685,131798.490177,119263.389170
686,0,686,131996.030170,119263.389170
687,0,687,132193.570163,119263.389170
688,0,688,132391.110156,119263.389170
689,0,689,116587.910695,119067.425253
690,0,690,116785.450688,119067.425253
691,0,691,116982.990682,119067.425253
692,0,692,117180.530675,119067.425253
693,0,693,117378.070668,119067.425253
694,0,694,117575.610661,119067.425253
695,0,695,117773.150655,119067.425253
696,0,696,117970.690648,119067.425253
697,0,697,118168.230641,119067.425253
698,0,698,118365.770634,119067.425253
699,0,699,118563.310628,119067.425253
700,0,700,118760.850621,119067.425253
701,0,701,118958.390614,119067.425253
702,0,702,119155.930607,119067.425253
703,0,703,119946.090581,119067.425253
704,0,704,120143.630574,119067.425253
705,0,705,120341.170567,119067.425253
706,0,706,120538.710560,119067.425253
707,0,707,120736.250554,119067.425253
708,0,708,120933.790547,119067.425253
709,0,709,121131.330540,119067.425253
710,0,710,121328.870533,119067.425253
711,0,711,121526.410527,119067.425253
712,0,712,121723.950520,119067.425253
713,0,713,121921.490513,119067.425253
714,0,714,122119.030506,119067.425253
715,0,715,122711.650486,119067.425253
716,0,716,122909.190480,119067.425253
717,0,717,123106.730473,119067.425253
718,0,718,123304.270466,119067.425253
719,0,719,123501.810459,119067.425253
720,0,720,123699.350453,119067.425253
721,0,721,123896.890446,119067.425253
722,0,722,124094.430439,119067.425253
723,0,723,124291.970432,119067.425253
724,0,724,124489.510426,119067.425253
725,0,725,124687.050419,119067.425253
726,0,726,124884.590412,119067.425253
727,0,727,125082.130405,119067.425253
728,0,728,125279.670399,119067.425253
729,0,729,125477.210392,119067.425253
730,0,730,125674.750385,119067.425253
731,0,731,125872.290379,119067.425253
732,0,732,126069.830372,119067.425253
733,0,733,126267.370365,119067.425253
734,0,734,126464.910358,119067.425253
735,0,735,127650.150318,119067.425253
736,0,736,127847.690311,119067.425253
737,0,737,128045.230305,119067.425253
738,0,738,128242.770298,119067.425253
739,0,739,130020.630237,119067.425253
740,0,740,130218.170230,119067.425253
741,0,741,130810.790210,119067.425253
742,0,742,131008.330204,119067.425253
743,0,743,131205.870197,119067.425253
744,0,744,131403.410190,119067.425253
745,0,745,131600.950183,119067.425253
746,0,746,131798.490177,119067.425253
747,0,747,131996.030170,119067.425253
748,0,748,132193.570163,119067.425253
749,0,749,132391.110156,119067.425253
750,0,750,132588.650150,119067.425253
751,0,751,132786.190143,119067.425253
752,0,752,132983.730136,119067.425253
753,0,753,116390.370702,118871.461336
754,0,754,116587.910695,118871.461336
755,0,755,116785.450688,118871.461336
756,0,756,116982.990682,118871.461336
757,0,757,117180.530675,118871.461336
758,0,758,117378.070668,118871.461336
759,0,759,117575.610661,118871.461336
760,0,760,117773.150655,118871.461336
761,0,761,117970.690648,118871.461336
762,0,762,118168.230641,118871.461336
763,0,763,118365.770634,118871.461336
764,0,764,118563.310628,118871.461336
765,0,765,118760.850621,118871.461336
766,0,766,118958.390614,118871.461336
767,0,767,119748.550587,118871.461336
768,0,768,119946.090581,118871.461336
769,0,769,120143.630574,118871.461336
770,0,770,120341.170567,118871.461336
771,0,771,120538.710560,118871.461336
772,0,772,120736.250554,118871.461336
773,0,773,120933.790547,118871.461336
774,0,774,121131.330540,118871.461336
775,0,775,121328.870533,118871.461336
776,0,776,121526.410527,118871.461336
777,0,777,121723.950520,118871.461336
778,0,778,121921.490513,118871.461336
779,0,779,122119.030506,118871.461336
780,0,780,122316.570500,118871.461336
781,0,781,122514.110493,118871.461336
782,0,782,122711.650486,118871.461336
783,0,783,122909.190480,118871.461336
784,0,784,123106.730473,118871.461336
785,0,785,123304.270466,118871.461336
786,0,786,123501.810459,118871.461336
787,0,787,123699.350453,118871.461336
788,0,788,123896.890446,118871.461336
789,0,789,124094.430439,118871.461336
790,0,790,124291.970432,118871.461336
791,0,791,124489.510426,118871.461336
792,0,792,124687.050419,118871.461336
793,0,793,124884.590412,118871.461336
794,0,794,125082.130405,118871.461336
795,0,795,125279.670399,118871.461336
796,0,796,125477.210392,118871.461336
797,0,797,125674.750385,118871.461336
798,0,798,125872.290379,118871.461336
799,0,799,126069.830372,118871.461336
800,0,800,126267.370365,118871.461336
801,0,801,126464.910358,118871.461336
802,0,802,126662.450352,118871.461336
803,0,803,126859.990345,118871.461336
804,0,804,127847.690311,118871.461336
805,0,805,128045.230305,118871.461336
806,0,806,128242.770298,118871.461336
807,0,807,128440.310291,118871.461336
808,0,808,128637.850284,118871.461336
809,0,809,128835.390278,118871.461336
810,0,810,129032.930271,118871.461336
811,0,811,129230.470264,118871.461336
812,0,812,129625.550251,118871.461336
813,0,813,129823.090244,118871.461336
814,0,814,130020.630237,118871.461336
815,0,815,131008.330204,118871.461336
816,0,816,131205.870197,118871.461336
817,0,817,131403.410190,118871.461336
818,0,818,131600.950183,118871.461336
819,0,819,131798.490177,118871.461336
820,0,820,131996.030170,118871.461336
821,0,821,132193.570163,118871.461336
822,0,822,132391.110156,118871.461336
823,0,823,132588.650150,118871.461336
824,0,824,132786.190143,118871.461336
825,0,825,132983.730136,118871.461336
826,0,826,133181.270129,118871.461336
827,0,827,133378.810123,118871.461336
828,0,828,133576.350116,118871.461336
829,0,829,133773.890109,118871.461336
830,0,830,116192.830708,118675.497419
831,0,831,116390.370702,118675.497419
832,0,832,116587.910695,118675.497419
833,0,833,116785.450688,118675.497419
834,0,834,116982.990682,118675.497419
835,0,835,117180.530675,118675.497419
836,0,836,117378.070668,118675.497419
837,0,837,117575.610661,118675.497419
838,0,838,117773.150655,118675.497419
839,0,839,117970.690648,118675.497419
840,0,840,118168.230641,118675.497419
841,0,841,118365.770634,118675.497419
842,0,842,118563.310628,118675.497419
843,0,843,118760.850621,118675.497419
844,0,844,119353.470601,118675.497419
845,0,845,119551.010594,118675.497419
846,0,846,119748.550587,118675.497419
847,0,847,119946.090581,118675.497419
848,0,848,120143.630574,118675.497419
849,0,849,120341.170567,118675.497419
850,0,850,120538.710560,118675.497419
851,0,851,120736.250554,118675.497419
852,0,852,120933.790547,118675.497419
853,0,853,121131.330540,118675.497419
854,0,854,121328.870533,118675.497419
855,0,855,121526.410527,118675.497419
856,0,856,121723.950520,118675.497419
857,0,857,121921.490513,118675.497419
858,0,858,122119.030506,118675.497419
859,0,859,122316.570500,118675.497419
860,0,860,122514.110493,118675.497419
861,0,861,122711.650486,118675.497419
862,0,862,122909.190480,118675.497419
863,0,863,123106.730473,118675.497419
864,0,864,123304.270466,118675.497419
865,0,865,123501.810459,118675.497419
866,0,866,123699.350453,118675.497419
867,0,867,123896.890446,118675.497419
868,0,868,124094.430439,118675.497419
869,0,869,124291.970432,118675.497419
870,0,870,124489.510426,118675.497419
871,0,871,124687.050419,118675.497419
872,0,872,124884.590412,118675.497419
873,0,873,125082.130405,118675.497419
874,0,874,125279.670399,118675.497419
875,0,875,125674.750385,118675.497419
876,0,876,125872.290379,118675.497419
877,0,877,126069.830372,118675.497419
878,0,878,126267.370365,118675.497419
879,0,879,126464.910358,118675.497419
880,0,880,126662.450352,118675.497419
881,0,881,126859.990345,118675.497419
882,0,882,127057.530338,118675.497419
883,0,883,128242.770298,118675.497419
884,0,884,128440.310291,118675.497419
885,0,885,128637.850284,118675.497419
886,0,886,128835.390278,118675.497419
887,0,887,129032.930271,118675.497419
888,0,888,129230.470264,118675.497419
889,0,889,129428.010257,118675.497419
890,0,890,129625.550251,118675.497419
891,0,891,129823.090244,118675.497419
892,0,892,130020.630237,118675.497419
893,0,893,131205.870197,118675.497419
894,0,894,131403.410190,118675.497419
895,0,895,131600.950183,118675.497419
896,0,896,131798.490177,118675.497419
897,0,897,131996.030170,118675.497419
898,0,898,132193.570163,118675.497419
899,0,899,132391.110156,118675.497419
900,0,900,132588.650150,118675.497419
901,0,901,132786.190143,118675.497419
902,0,902,132983.730136,118675.497419
903,0,903,133181.270129,118675.497419
904,0,904,133378.810123,118675.497419
905,0,905,133576.350116,118675.497419
906,0,906,133773.890109,118675.497419
907,0,907,134168.970096,118675.497419
908,0,908,134366.510089,118675.497419
909,0,909,134564.050082,118675.497419
910,0,910,115995.290715,118479.533502
911,0,911,116192.830708,118479.533502
912,0,912,116390.370702,118479.533502
913,0,913,116587.910695,118479.533502
914,0,914,116785.450688,118479.533502
915,0,915,116982.990682,118479.533502
916,0,916,117180.530675,118479.533502
917,0,917,117378.070668,118479.533502
918,0,918,117575.610661,118479.533502
919,0,919,117773.150655,118479.533502
920,0,920,117970.690648,118479.533502
921,0,921,118168.230641,118479.533502
922,0,922,118365.770634,118479.533502
923,0,923,118563.310628,118479.533502
924,0,924,118760.850621,118479.533502
925,0,925,119155.930607,118479.533502
926,0,926,119353.470601,118479.533502
927,0,927,119551.010594,118479.533502
928,0,928,119748.550587,118479.533502
929,0,929,119946.090581,118479.533502
930,0,930,120143.630574,118479.533502
931,0,931,120341.170567,118479.533502
932,0,932,120538.710560,118479.533502
933,0,933,120736.250554,118479.533502
934,0,934,120933.790547,118479.533502
935,0,935,121131.330540,118479.533502
936,0,936,121328.870533,118479.533502
937,0,937,121526.410527,118479.533502
938,0,938,121723.950520,118479.533502
939,0,939,121921.490513,118479.533502
940,0,940,122119.030506,118479.533502
941,0,941,122316.570500,118479.533502
942,0,942,122514.110493,118479.533502
943,0,943,122711.650486,118479.533502
944,0,944,122909.190480,118479.533502
945,0,945,123106.730473,118479.533502
946,0,946,123304.270466,118479.533502
947,0,947,123501.810459,118479.533502
948,0,948,123699.350453,118479.533502
949,0,949,123896.890446,118479.533502
950,0,950,124094.430439,118479.533502
951,0,951,124291.970432,118479.533502
952,0,952,124489.510426,118479.533502
953,0,953,124687.050419,118479.533502
954,0,954,124884.590412,118479.533502
955,0,955,125082.130405,118479.533502
956,0,956,125279.670399,118479.533502
957,0,957,125477.210392,118479.533502
958,0,958,125674.750385,118479.533502
959,0,959,125872.290379,118479.533502
960,0,960,126069.830372,118479.533502
961,0,961,126267.370365,118479.533502
962,0,962,126464.910358,118479.533502
963,0,963,126662.450352,118479.533502
964,0,964,126859.990345,118479.533502
965,0,965,127057.530338,118479.533502
966,0,966,127255.070331,118479.533502
967,0,967,127452.610325,118479.533502
968,0,968,128440.310291,118479.533502
969,0,969,128637.850284,118479.533502
970,0,970,128835.390278,118479.533502
971,0,971,129230.470264,118479.533502
972,0,972,129428.010257,118479.533502
973,0,973,129625.550251,118479.533502
974,0,974,129823.090244,118479.533502
975,0,975,131008.330204,118479.533502
976,0,976,131205.870197,118479.533502
977,0,977,131403.410190,118479.533502
978,0,978,131600.950183,118479.533502
979,0,979,131798.490177,118479.533502
980,0,980,131996.030170,118479.533502
981,0,981,132193.570163,118479.533502
982,0,982,132391.110156,118479.533502
983,0,983,132588.650150,118479.533502
984,0,984,132786.190143,118479.533502
985,0,985,132983.730136,118479.533502
986,0,986,133181.270129,118479.533502
987,0,987,133378.810123,118479.533502
988,0,988,133576.350116,118479.533502
989,0,989,133773.890109,118479.533502
990,0,990,133971.430103,118479.533502
991,0,991,134168.970096,118479.533502
992,0,992,134366.510089,118479.533502
993,0,993,134564.050082,118479.533502
994,0,994,134761.590076,118479.533502
995,0,995,134959.130069,118479.533502
996,0,996,135156.670062,118479.533502
997,0,997,115797.750722,118283.569585
998,0,998,115995.290715,118283.569585
999,0,999,116192.830708,118283.569585
1000,0,1000,116390.370702,118283.569585
1001,0,1001,116587.910695,118283.569585
1002,0,1002,116785.450688,118283.569585
1003,0,1003,116982.990682,118283.569585
1004,0,1004,117180.530675,118283.569585
1005,0,1005,117378.070668,118283.569585
1006,0,1006,117575.610661,118283.569585
1007,0,1007,117773.150655,118283.569585
1008,0,1008,117970.690648,118283.569585
1009,0,1009,118168.230641,118283.569585
1010,0,1010,118365.770634,118283.569585
1011,0,1011,118563.310628,118283.569585
1012,0,1012,118760.850621,118283.569585
1013,0,1013,118958.390614,118283.569585
1014,0,1014,119155.930607,118283.569585
1015,0,1015,119353.470601,118283.569585
1016,0,1016,119551.010594,118283.569585
1017,0,1017,119748.550587,118283.569585
1018,0,1018,119946.090581,118283.569585
1019,0,1019,120143.630574,118283.569585
1020,0,1020,120341.170567,118283.569585
1021,0,1021,120538.710560,118283.569585
1022,0,1022,120736.250554,118283.569585
1023,0,1023,120933.790547,118283.569585
1024,0,1024,121131.330540,118283.569585
1025,0,1025,121328.870533,118283.569585
1026,0,1026,121526.410527,118283.569585
1027,0,1027,121723.950520,118283.569585
1028,0,1028,121921.490513,118283.569585
1029,0,1029,122119.030506,118283.569585
1030,0,1030,122316.570500,118283.569585
1031,0,1031,122514.110493,118283.569585
1032,0,1032,122711.650486,118283.569585
1033,0,1033,122909.190480,118283.569585
1034,0,1034,123106.730473,118283.569585
1035,0,1035,123304.270466,118283.569585
1036,0,1036,123501.810459,118283.569585
1037,0,1037,123699.350453,118283.569585
1038,0,1038,123896.890446,118283.569585
1039,0,1039,124094.430439,118283.569585
1040,0,1040,124291.970432,118283.569585
1041,0,1041,124687.050419,118283.569585
1042,0,1042,124884.590412,118283.569585
1043,0,1043,125082.130405,118283.569585
1044,0,1044,125279.670399,118283.569585
1045,0,1045,125477.210392,118283.569585
1046,0,1046,125674.750385,118283.569585
1047,0,1047,125872.290379,118283.569585
1048,0,1048,126069.830372,118283.569585
1049,0,1049,126267.370365,118283.569585
1050,0,1050,126464.910358,118283.569585
1051,0,1051,126662.450352,118283.569585
1052,0,1052,126859.990345,118283.569585
1053,0,1053,127057.530338,118283.569585
1054,0,1054,127255.070331,118283.569585
1055,0,1055,127452.610325,118283.569585
1056,0,1056,127650.150318,118283.569585
1057,0,1057,128440.310291,118283.569585
1058,0,1058,128637.850284,118283.569585
1059,0,1059,128835.390278,118283.569585
1060,0,1060,129032.930271,118283.569585
1061,0,1061,129230.470264,118283.569585
1062,0,1062,129428.010257,118283.569585
1063,0,1063,129625.550251,118283.569585
1064,0,1064,129823.090244,118283.569585
1065,0,1065,131008.330204,118283.569585
1066,0,1066,131205.870197,118283.569585
1067,0,1067,131403.410190,118283.569585
1068,0,1068,131600.950183,118283.569585
1069,0,1069,131798.490177,118283.569585
1070,0,1070,131996.030170,118283.569585
1071,0,1071,132193.570163,118283.569585
1072,0,1072,132391.110156,118283.569585
1073,0,1073,132588.650150,118283.569585
1074,0,1074,132786.190143,118283.569585
1075,0,1075,132983.730136,118283.569585
1076,0,1076,133181.270129,118283.569585
1077,0,1077,133378.810123,118283.569585
1078,0,1078,133576.350116,118283.569585
1079,0,1079,133773.890109,118283.569585
1080,0,1080,133971.430103,118283.569585
1081,0,1081,134168.970096,118283.569585
1082,0,1082,134366.510089,118283.569585
1083,0,1083,134564.050082,118283.569585
1084,0,1084,134761.590076,118283.569585
1085,0,1085,134959.130069,118283.569585
1086,0,1086,135156.670062,118283.569585
1087,0,1087,135354.210055,118283.569585
1088,0,1088,135551.750049,118283.569585
1089,0,1089,135749.290042,118283.569585
1090,0,1090,135946.830035,118283.569585
1091,0,1091,115600.210729,118087.605668
1092,0,1092,115797.750722,118087.605668
1093,0,1093,115995.290715,118087.605668
1094,0,1094,116192.830708,118087.605668
1095,0,1095,116390.370702,118087.605668
1096,0,1096,116587.910695,118087.605668
1097,0,1097,116785.450688,118087.605668
1098,0,1098,116982.990682,118087.605668
1099,0,1099,117180.530675,118087.605668
1100,0,1100,117378.070668,118087.605668
1101,0,1101,117575.610661,118087.605668
1102,0,1102,117773.150655,118087.605668
1103,0,1103,117970.690648,118087.605668
1104,0,1104,118168.230641,118087.605668
1105,0,1105,118365.770634,118087.605668
1106,0,1106,118563.310628,118087.605668
1107,0,1107,118760.850621,118087.605668
1108,0,1108,118958.390614,118087.605668
1109,0,1109,119155.930607,118087.605668
1110,0,1110,119353.470601,118087.605668
1111,0,1111,119551.010594,118087.605668
1112,0,1112,119748.550587,118087.605668
1113,0,1113,119946.090581,118087.605668
1114,0,1114,120143.630574,118087.605668
1115,0,1115,120341.170567,118087.605668
1116,0,1116,120538.710560,118087.605668
1117,0,1117,120736.250554,118087.605668
1118,0,1118,120933.790547,118087.605668
1119,0,1119,121131.330540,118087.605668
1120,0,1120,121328.870533,118087.605668
1121,0,1121,121526.410527,118087.605668
1122,0,1122,121723.950520,118087.605668
1123,0,1123,121921.490513,118087.605668
1124,0,1124,122119.030506,118087.605668
1125,0,1125,122316.570500,118087.605668
1126,0,1126,122514.110493,118087.605668
1127,0,1127,122711.650486,118087.605668
1128,0,1128,122909.190480,118087.605668
1129,0,1129,123106.730473,118087.605668
1130,0,1130,123304.270466,118087.605668
1131,0,1131,123501.810459,118087.605668
1132,0,1132,123699.350453,118087.605668
1133,0,1133,123896.890446,118087.605668
1134,0,1134,124094.430439,118087.605668
1135,0,1135,124291.970432,118087.605668
1136,0,1136,124489.510426,118087.605668
1137,0,1137,124687.050419,118087.605668
1138,0,1138,124884.590412,118087.605668
1139,0,1139,125082.130405,118087.605668
1140,0,1140,125279.670399,118087.605668
1141,0,1141,125477.210392,118087.605668
1142,0,1142,125674.750385,118087.605668
1143,0,1143,125872.290379,118087.605668
1144,0,1144,126069.830372,118087.605668
1145,0,1145,126267.370365,118087.605668
1146,0,1146,126464.910358,118087.605668
1147,0,1147,126662.450352,118087.605668
1148,0,1148,126859.990345,118087.605668
1149,0,1149,127057.530338,118087.605668
1150,0,1150,127255.070331,118087.605668
1151,0,1151,127452.610325,118087.605668
1152,0,1152,127650.150318,118087.605668
1153,0,1153,128045.230305,118087.605668
1154,0,1154,128242.770298,118087.605668
1155,0,1155,128440.310291,118087.605668
1156,0,1156,128637.850284,118087.605668
1157,0,1157,128835.390278,118087.605668
1158,0,1158,129032.930271,118087.605668
1159,0,1159,129230.470264,118087.605668
1160,0,1160,129428.010257,118087.605668
1161,0,1161,129625.550251,118087.605668
1162,0,1162,130810.790210,118087.605668
1163,0,1163,131008.330204,118087.605668
1164,0,1164,131205.870197,118087.605668
1165,0,1165,131403.410190,118087.605668
1166,0,1166,131600.950183,118087.605668
1167,0,1167,131798.490177,118087.605668
1168,0,1168,131996.030170,118087.605668
1169,0,1169,132193.570163,118087.605668
1170,0,1170,132391.110156,118087.605668
1171,0,1171,132588.650150,118087.605668
1172,0,1172,132786.190143,118087.605668
1173,0,1173,132983.730136,118087.605668
1174,0,1174,133181.270129,118087.605668
1175,0,1175,133378.810123,118087.605668
1176,0,1176,133576.350116,118087.605668
1177,0,1177,133773.890109,118087.605668
1178,0,1178,133971.430103,118087.605668
1179,0,1179,134168.970096,118087.605668
1180,0,1180,134366.510089,118087.605668
1181,0,1181,134564.050082,118087.605668
1182,0,1182,134761.590076,118087.605668
1183,0,1183,134959.130069,118087.605668
1184,0,1184,135156.670062,118087.605668
1185,0,1185,135354.210055,118087.605668
1186,0,1186,135551.750049,118087.605668
1187,0,1187,135749.290042,118087.605668
1188,0,1188,135946.830035,118087.605668
1189,0,1189,136144.370029,118087.605668
1190,0,1190,136341.910022,118087.605668
1191,0,1191,136539.450015,118087.605668
1192,0,1192,136736.990008,118087.605668
1193,0,1193,115402.670735,117891.641751
1194,0,1194,115600.210729,117891.641751
1195,0,1195,115797.750722,117891.641751
1196,0,1196,115995.290715,117891.641751
1197,0,1197,116192.830708,117891.641751
1198,0,1198,116390.370702,117891.641751
1199,0,1199,116587.910695,117891.641751
1200,0,1200,116785.450688,117891.641751
1201,0,1201,116982.990682,117891.641751
1202,0,1202,117180.530675,117891.641751
1203,0,1203,117378.070668,117891.641751
1204,0,1204,117575.610661,117891.641751
1205,0,1205,117773.150655,117891.641751
1206,0,1206,117970.690648,117891.641751
1207,0,1207,118168.230641,117891.641751
1208,0,1208,118365.770634,117891.641751
1209,0,1209,118563.310628,117891.641751
1210,0,1210,118760.850621,117891.641751
1211,0,1211,118958.390614,117891.641751
1212,0,1212,119155.930607,117891.641751
1213,0,1213,119353.470601,117891.641751
1214,0,1214,119551.010594,117891.641751
1215,0,1215,119748.550587,117891.641751
1216,0,1216,119946.090581,117891.641751
1217,0,1217,120143.630574,117891.641751
1218,0,1218,120341.170567,117891.641751
1219,0,1219,120538.710560,117891.641751
1220,0,1220,120736.250554,117891.641751
1221,0,1221,120933.790547,117891.641751
1222,0,1222,121131.330540,117891.641751
1223,0,1223,121328.870533,117891.641751
1224,0,1224,121526.410527,117891.641751
1225,0,1225,121723.950520,117891.641751
1226,0,1226,121921.490513,117891.641751
1227,0,1227,122119.030506,117891.641751
1228,0,1228,122316.570500,117891.641751
1229,0,1229,122514.110493,117891.641751
1230,0,1230,122711.650486,117891.641751
1231,0,1231,122909.190480,117891.641751
1232,0,1232,123106.730473,117891.641751
1233,0,1233,123304.270466,117891.641751
1234,0,1234,123501.810459,117891.641751
1235,0,1235,123699.350453,117891.641751
1236,0,1236,123896.890446,117891.641751
1237,0,1237,124094.430439,117891.641751
1238,0,1238,124291.970432,117891.641751
1239,0,1239,124489.510426,117891.641751
1240,0,1240,124687.050419,117891.641751
1241,0,1241,124884.590412,117891.641751
1242,0,1242,125082.130405,117891.641751
1243,0,1243,125279.670399,117891.641751
1244,0,1244,125477.210392,117891.641751
1245,0,1245,125674.750385,117891.641751
1246,0,1246,125872.290379,117891.641751
1247,0,1247,126069.830372,117891.641751
1248,0,1248,126267.370365,117891.641751
1249,0,1249,126464.910358,117891.641751
1250,0,1250,126662.450352,117891.641751
1251,0,1251,126859.990345,117891.641751
1252,0,1252,127057.530338,117891.641751
1253,0,1253,127255.070331,117891.641751
1254,0,1254,127452.610325,117891.641751
1255,0,1255,127650.150318,117891.641751
1256,0,1256,127847.690311,117891.641751
1257,0,1257,128045.230305,117891.641751
1258,0,1258,128440.310291,117891.641751
1259,0,1259,128637.850284,117891.641751
1260,0,1260,128835.390278,117891.641751
1261,0,1261,129032.930271,117891.641751
1262,0,1262,129230.470264,117891.641751
1263,0,1263,129428.010257,117891.641751
1264,0,1264,129625.550251,117891.641751
1265,0,1265,129823.090244,117891.641751
1266,0,1266,130020.630237,117891.641751
1267,0,1267,130218.170230,117891.641751
1268,0,1268,130415.710224,117891.641751
1269,0,1269,130810.790210,117891.641751
1270,0,1270,131008.330204,117891.641751
1271,0,1271,131205.870197,117891.641751
1272,0,1272,131403.410190,117891.641751
1273,0,1273,131600.950183,117891.641751
1274,0,1274,131798.490177,117891.641751
1275,0,1275,131996.030170,117891.641751
1276,0,1276,132193.570163,117891.641751
1277,0,1277,132391.110156,117891.641751
1278,0,1278,132588.650150,117891.641751
1279,0,1279,132786.190143,117891.641751
1280,0,1280,132983.730136,117891.641751
1281,0,1281,133181.270129,117891.641751
1282,0,1282,133378.810123,117891.641751
1283,0,1283,133576.350116,117891.641751
1284,0,1284,133773.890109,117891.641751
1285,0,1285,133971.430103,117891.641751
1286,0,1286,134168.970096,117891.641751
1287,0,1287,134366.510089,117891.641751
1288,0,1288,134564.050082,117891.641751
1289,0,1289,134761.590076,117891.641751
1290,0,1290,134959.130069,117891.641751
1291,0,1291,135156.670062,117891.641751
1292,0,1292,135354.210055,117891.641751
1293,0,1293,135551.750049,117891.641751
1294,0,1294,135749.290042,117891.641751
1295,0,1295,135946.830035,117891.641751
1296,0,1296,136144.370029,117891.641751
1297,0,1297,136341.910022,117891.641751
1298,0,1298,136539.450015,117891.641751
1299,0,1299,136736.990008,117891.641751
1300,0,1300,136934.530002,117891.641751
1301,0,1301,137132.069995,117891.641751
1302,0,1302,137329.609988,117891.641751
1303,0,1303,115007.590749,117695.677834
1304,0,1304,115205.130742,117695.677834
1305,0,1305,115402.670735,117695.677834
1306,0,1306,115600.210729,117695.677834
1307,0,1307,115797.750722,117695.677834
1308,0,1308,115995.290715,117695.677834
1309,0,1309,116192.830708,117695.677834
1310,0,1310,116390.370702,117695.677834
1311,0,1311,116587.910695,117695.677834
1312,0,1312,116785.450688,117695.677834
1313,0,1313,116982.990682,117695.677834
1314,0,1314,117180.530675,117695.677834
1315,0,1315,117378.070668,117695.677834
1316,0,1316,117575.610661,117695.677834
1317,0,1317,117773.150655,117695.677834
1318,0,1318,117970.690648,117695.677834
1319,0,1319,118168.230641,117695.677834
1320,0,1320,118365.770634,117695.677834
1321,0,1321,118563.310628,117695.677834
1322,0,1322,118760.850621,117695.677834
1323,0,1323,118958.390614,117695.677834
1324,0,1324,119155.930607,117695.677834
1325,0,1325,119353.470601,117695.677834
1326,0,1326,119551.010594,117695.677834
1327,0,1327,119748.550587,117695.677834
1328,0,1328,119946.090581,117695.677834
1329,0,1329,120143.630574,117695.677834
1330,0,1330,120341.170567,117695.677834
1331,0,1331,120538.710560,117695.677834
1332,0,1332,120736.250554,117695.677834
1333,0,1333,120933.790547,117695.677834
1334,0,1334,121131.330540,117695.677834
1335,0,1335,121328.870533,117695.677834
1336,0,1336,121526.410527,117695.677834
1337,0,1337,121723.950520,117695.677834
1338,0,1338,121921.490513,117695.677834
1339,0,1339,122119.030506,117695.677834
1340,0,1340,122316.570500,117695.677834
1341,0,1341,122514.110493,117695.677834
1342,0,1342,122711.650486,117695.677834
1343,0,1343,122909.190480,117695.677834
1344,0,1344,123106.730473,117695.677834
1345,0,1345,123304.270466,117695.677834
1346,0,1346,123501.810459,117695.677834
1347,0,1347,123699.350453,117695.677834
1348,0,1348,123896.890446,117695.677834
1349,0,1349,124094.430439,117695.677834
1350,0,1350,124291.970432,117695.677834
1351,0,1351,124489.510426,117695.677834
1352,0,1352,124687.050419,117695.677834
1353,0,1353,124884.590412,117695.677834
1354,0,1354,125082.130405,117695.677834
1355,0,1355,125279.670399,117695.677834
1356,0,1356,125477.210392,117695.677834
1357,0,1357,125674.750385,117695.677834
1358,0,1358,125872.290379,117695.677834
1359,0,1359,126069.830372,117695.677834
1360,0,1360,126267.370365,117695.677834
1361,0,1361,126464.910358,117695.677834
1362,0,1362,126662.450352,117695.677834
1363,0,1363,126859.990345,117695.677834
1364,0,1364,127057.530338,117695.677834
1365,0,1365,127452.610325,117695.677834
1366,0,1366,127650.150318,117695.677834
1367,0,1367,127847.690311,117695.677834
1368,0,1368,128045.230305,117695.677834
1369,0,1369,128242.770298,117695.677834
1370,0,1370,128440.310291,117695.677834
1371,0,1371,128637.850284,117695.677834
1372,0,1372,128835.390278,117695.677834
1373,0,1373,129032.930271,117695.677834
1374,0,1374,129230.470264,117695.677834
1375,0,1375,129428.010257,117695.677834
1376,0,1376,129625.550251,117695.677834
1377,0,1377,129823.090244,117695.677834
1378,0,1378,130020.630237,117695.677834
1379,0,1379,130218.170230,117695.677834
1380,0,1380,130415.710224,117695.677834
1381,0,1381,130613.250217,117695.677834
1382,0,1382,130810.790210,117695.677834
1383,0,1383,131205.870197,117695.677834
1384,0,1384,131403.410190,117695.677834
1385,0,1385,131600.950183,117695.677834
1386,0,1386,131798.490177,117695.677834
1387,0,1387,131996.030170,117695.677834
1388,0,1388,132193.570163,117695.677834
1389,0,1389,132588.650150,117695.677834
1390,0,1390,132786.190143,117695.677834
1391,0,1391,132983.730136,117695.677834
1392,0,1392,133181.270129,117695.677834
1393,0,1393,133378.810123,117695.677834
1394,0,1394,133576.350116,117695.677834
1395,0,1395,133773.890109,117695.677834
1396,0,1396,133971.430103,117695.677834
1397,0,1397,134168.970096,117695.677834
1398,0,1398,134366.510089,117695.677834
1399,0,1399,134564.050082,117695.677834
1400,0,1400,134761.590076,117695.677834
1401,0,1401,134959.130069,117695.677834
1402,0,1402,135156.670062,117695.677834
1403,0,1403,135354.210055,117695.677834
1404,0,1404,135551.750049,117695.677834
1405,0,1405,135749.290042,117695.677834
1406,0,1406,135946.830035,117695.677834
1407,0,1407,136144.370029,117695.677834
1408,0,1408,136341.910022,117695.677834
1409,0,1409,136539.450015,117695.677834
1410,0,1410,136736.990008,117695.677834
1411,0,1411,136934.530002,117695.677834
1412,0,1412,137132.069995,117695.677834
1413,0,1413,137329.609988,117695.677834
1414,0,1414,137527.149981,117695.677834
1415,0,1415,137724.689975,117695.677834
1416,0,1416,137922.229968,117695.677834
1417,0,1417,138119.769961,117695.677834
1418,0,1418,114810.050756,117499.713917
1419,0,1419,115007.590749,117499.713917
1420,0,1420,115205.130742,117499.713917
1421,0,1421,115402.670735,117499.713917
1422,0,1422,115600.210729,117499.713917
1423,0,1423,115797.750722,117499.713917
1424,0,1424,115995.290715,117499.713917
1425,0,1425,116192.830708,117499.713917
1426,0,1426,116390.370702,117499.713917
1427,0,1427,116587.910695,117499.713917
1428,0,1428,116785.450688,117499.713917
1429,0,1429,116982.990682,117499.713917
1430,0,1430,117180.530675,117499.713917
1431,0,1431,117378.070668,117499.713917
1432,0,1432,117575.610661,117499.713917
1433,0,1433,117773.150655,117499.713917
1434,0,1434,117970.690648,117499.713917
1435,0,1435,118365.770634,117499.713917
1436,0,1436,118563.310628,117499.713917
1437,0,1437,118760.850621,117499.713917
1438,0,1438,118958.390614,117499.713917
1439,0,1439,119155.930607,117499.713917
1440,0,1440,119353.470601,117499.713917
1441,0,1441,119551.010594,117499.713917
1442,0,1442,119748.550587,117499.713917
1443,0,1443,119946.090581,117499.713917
1444,0,1444,120143.630574,117499.713917
1445,0,1445,120341.170567,117499.713917
1446,0,1446,120538.710560,117499.713917
1447,0,1447,120736.250554,117499.713917
1448,0,1448,120933.790547,117499.713917
1449,0,1449,121131.330540,117499.713917
1450,0,1450,121328.870533,117499.713917
1451,0,1451,121526.410527,117499.713917
1452,0,1452,121723.950520,117499.713917
1453,0,1453,121921.490513,117499.713917
1454,0,1454,122119.030506,117499.713917
1455,0,1455,122316.570500,117499.713917
1456,0,1456,122514.110493,117499.713917
1457,0,1457,122711.650486,117499.713917
1458,0,1458,122909.190480,117499.713917
1459,0,1459,123106.730473,117499.713917
1460,0,1460,123304.270466,117499.713917
1461,0,1461,123501.810459,117499.713917
1462,0,1462,123699.350453,117499.713917
1463,0,1463,123896.890446,117499.713917
1464,0,1464,124094.430439,117499.713917
1465,0,1465,124291.970432,117499.713917
1466,0,1466,124489.510426,117499.713917
1467,0,1467,124687.050419,117499.713917
1468,0,1468,124884.590412,117499.713917
1469,0,1469,125082.130405,117499.713917
1470,0,1470,125279.670399,117499.713917
1471,0,1471,125477.210392,117499.713917
1472,0,1472,125674.750385,117499.713917
1473,0,1473,125872.290379,117499.713917
1474,0,1474,126069.830372,117499.713917
1475,0,1475,126267.370365,117499.713917
1476,0,1476,126464.910358,117499.713917
1477,0,1477,126662.450352,117499.713917
1478,0,1478,126859.990345,117499.713917
1479,0,1479,127057.530338,117499.713917
1480,0,1480,127255.070331,117499.713917
1481,0,1481,127452.610325,117499.713917
1482,0,1482,127650.150318,117499.713917
1483,0,1483,127847.690311,117499.713917
1484,0,1484,128045.230305,117499.713917
1485,0,1485,128242.770298,117499.713917
1486,0,1486,128440.310291,117499.713917
1487,0,1487,128637.850284,117499.713917
1488,0,1488,128835.390278,117499.713917
1489,0,1489,129032.930271,117499.713917
1490,0,1490,129230.470264,117499.713917
1491,0,1491,129428.010257,117499.713917
1492,0,1492,129625.550251,117499.713917
1493,0,1493,129823.090244,117499.713917
1494,0,1494,130020.630237,117499.713917
1495,0,1495,130218.170230,117499.713917
1496,0,1496,130415.710224,117499.713917
1497,0,1497,130613.250217,117499.713917
1498,0,1498,130810.790210,117499.713917
1499,0,1499,131205.870197,117499.713917
1500,0,1500,131403.410190,117499.713917
1501,0,1501,131600.950183,117499.713917
1502,0,1502,131798.490177,117499.713917
1503,0,1503,131996.030170,117499.713917
1504,0,1504,132193.570163,117499.713917
1505,0,1505,132391.110156,117499.713917
1506,0,1506,132588.650150,117499.713917
1507,0,1507,132786.190143,117499.713917
1508,0,1508,132983.730136,117499.713917
1509,0,1509,133181.270129,117499.713917
1510,0,1510,133378.810123,117499.713917
1511,0,1511,133576.350116,117499.713917
1512,0,1512,133773.890109,117499.713917
1513,0,1513,133971.430103,117499.713917
1514,0,1514,134168.970096,117499.713917
1515,0,1515,134366.510089,117499.713917
1516,0,1516,134564.050082,117499.713917
1517,0,1517,134761.590076,117499.713917
1518,0,1518,134959.130069,117499.713917
1519,0,1519,135354.210055,117499.713917
1520,0,1520,135551.750049,117499.713917
1521,0,1521,135749.290042,117499.713917
1522,0,1522,135946.830035,117499.713917
1523,0,1523,136144.370029,117499.713917
1524,0,1524,136341.910022,117499.713917
1525,0,1525,136539.450015,117499.713917
1526,0,1526,136736.990008,117499.713917
1527,0,1527,136934.530002,117499.713917
1528,0,1528,137132.069995,117499.713917
1529,0,1529,137329.609988,117499.713917
1530,0,1530,137527.149981,117499.713917
1531,0,1531,137724.689975,117499.713917
1532,0,1532,137922.229968,117499.713917
1533,0,1533,138119.769961,117499.713917
1534,0,1534,138317.309954,117499.713917
1535,0,1535,138514.849948,117499.713917
1536,0,1536,138712.389941,117499.713917
1537,0,1537,138909.929934,117499.713917
1538,0,1538,114612.510762,117303.750000
1539,0,1539,114810.050756,117303.750000
1540,0,1540,115007.590749,117303.750000
1541,0,1541,115205.130742,117303.750000
1542,0,1542,115402.670735,117303.750000
1543,0,1543,115600.210729,117303.750000
1544,0,1544,115797.750722,117303.750000
1545,0,1545,115995.290715,117303.750000
1546,0,1546,116192.830708,117303.750000
1547,0,1547,116390.370702,117303.750000
1548,0,1548,116587.910695,117303.750000
1549,0,1549,116785.450688,117303.750000
1550,0,1550,116982.990682,117303.750000
1551,0,1551,117180.530675,117303.750000
1552,0,1552,117378.070668,117303.750000
1553,0,1553,117575.610661,117303.750000
1554,0,1554,117773.150655,117303.750000
1555,0,1555,117970.690648,117303.750000
1556,0,1556,118168.230641,117303.750000
1557,0,1557,118365.770634,117303.750000
1558,0,1558,118563.310628,117303.750000
1559,0,1559,118760.850621,117303.750000
1560,0,1560,118958.390614,117303.750000
1561,0,1561,119155.930607,117303.750000
1562,0,1562,119353.470601,117303.750000
1563,0,1563,119551.010594,117303.750000
1564,0,1564,119748.550587,117303.750000
1565,0,1565,119946.090581,117303.750000
1566,0,1566,120143.630574,117303.750000
1567,0,1567,120341.170567,117303.750000
1568,0,1568,120538.710560,117303.750000
1569,0,1569,120736.250554,117303.750000
1570,0,1570,120933.790547,117303.750000
1571,0,1571,121131.330540,117303.750000
1572,0,1572,121328.870533,117303.750000
1573,0,1573,121526.410527,117303.750000
1574,0,1574,121723.950520,117303.750000
1575,0,1575,121921.490513,117303.750000
1576,0,1576,122119.030506,117303.750000
1577,0,1577,122316.570500,117303.750000
1578,0,1578,122514.110493,117303.750000
1579,0,1579,122711.650486,117303.750000
1580,0,1580,122909.190480,117303.750000
1581,0,1581,123106.730473,117303.750000
1582,0,1582,123304.270466,117303.750000
1583,0,1583,123501.810459,117303.750000
1584,0,1584,123699.350453,117303.750000
1585,0,1585,123896.890446,117303.750000
1586,0,1586,124094.430439,117303.750000
1587,0,1587,124291.970432,117303.750000
1588,0,1588,124489.510426,117303.750000
1589,0,1589,124687.050419,117303.750000
1590,0,1590,124884.590412,117303.750000
1591,0,1591,125082.130405,117303.750000
1592,0,1592,125279.670399,117303.750000
1593,0,1593,125477.210392,117303.750000
1594,0,1594,125674.750385,117303.750000
1595,0,1595,125872.290379,117303.750000
1596,0,1596,126069.830372,117303.750000
1597,0,1597,126267.370365,117303.750000
1598,0,1598,126464.910358,117303.750000
1599,0,1599,126662.450352,117303.750000
1600,0,1600,126859.990345,117303.750000
1601,0,1601,127057.530338,117303.750000
1602,0,1602,127255.070331,117303.750000
1603,0,1603,127452.610325,117303.750000
1604,0,1604,127650.150318,117303.750000
1605,0,1605,127847.690311,117303.750000
1606,0,1606,128045.230305,117303.750000
1607,0,1607,128242.770298,117303.750000
1608,0,1608,128440.310291,117303.750000
1609,0,1609,128637.850284,117303.750000
1610,0,1610,128835.390278,117303.750000
1611,0,1611,129032.930271,117303.750000
1612,0,1612,129230.470264,117303.750000
1613,0,1613,129428.010257,117303.750000
1614,0,1614,129625.550251,117303.750000
1615,0,1615,129823.090244,117303.750000
1616,0,1616,130020.630237,117303.750000
1617,0,1617,130218.170230,117303.750000
1618,0,1618,130415.710224,117303.750000
1619,0,1619,130613.250217,117303.750000
1620,0,1620,130810.790210,117303.750000
1621,0,1621,131008.330204,117303.750000
1622,0,1622,131205.870197,117303.750000
1623,0,1623,131403.410190,117303.750000
1624,0,1624,131600.950183,117303.750000
1625,0,1625,131798.490177,117303.750000
1626,0,1626,131996.030170,117303.750000
1627,0,1627,132193.570163,117303.750000
1628,0,1628,132391.110156,117303.750000
1629,0,1629,132588.650150,117303.750000
1630,0,1630,132786.190143,117303.750000
1631,0,1631,132983.730136,117303.750000
1632,0,1632,133181.270129,117303.750000
1633,0,1633,133378.810123,117303.750000
1634,0,1634,133576.350116,117303.750000
1635,0,1635,133773.890109,117303.750000
1636,0,1636,133971.430103,117303.750000
1637,0,1637,134168.970096,117303.750000
1638,0,1638,134366.510089,117303.750000
1639,0,1639,134564.050082,117303.750000
1640,0,1640,134761.590076,117303.750000
1641,0,1641,134959.130069,117303.750000
1642,0,1642,135156.670062,117303.750000
1643,0,1643,135354.210055,117303.750000
1644,0,1644,135551.750049,117303.750000
1645,0,1645,135749.290042,117303.750000
1646,0,1646,135946.830035,117303.750000
1647,0,1647,136144.370029,117303.750000
1648,0,1648,136341.910022,117303.750000
1649,0,1649,136539.450015,117303.750000
1650,0,1650,136736.990008,117303.750000
1651,0,1651,136934.530002,117303.750000
1652,0,1652,137132.069995,117303.750000
1653,0,1653,137329.609988,117303.750000
1654,0,1654,137527.149981,117303.750000
1655,0,1655,137724.689975,117303.750000
1656,0,1656,137922.229968,117303.750000
1657,0,1657,138119.769961,117303.750000
1658,0,1658,138317.309954,117303.750000
1659,0,1659,138514.849948,117303.750000
1660,0,1660,138712.389941,117303.750000
1661,0,1661,138909.929934,117303.750000
1662,0,1662,139107.469928,117303.750000
1663,0,1663,139305.009921,117303.750000
1664,0,1664,114414.970769,117107.786083
1665,0,1665,114612.510762,117107.786083
1666,0,1666,114810.050756,117107.786083
1667,0,1667,115007.590749,117107.786083
1668,0,1668,115205.130742,117107.786083
1669,0,1669,115402.670735,117107.786083
1670,0,1670,115600.210729,117107.786083
1671,0,1671,115797.750722,117107.786083
1672,0,1672,115995.290715,117107.786083
1673,0,1673,116192.830708,117107.786083
1674,0,1674,116390.370702,117107.786083
1675,0,1675,116587.910695,117107.786083
1676,0,1676,116785.450688,117107.786083
1677,0,1677,116982.990682,117107.786083
1678,0,1678,117180.530675,117107.786083
1679,0,1679,117378.070668,117107.786083
1680,0,1680,117575.610661,117107.786083
1681,0,1681,117970.690648,117107.786083
1682,0,1682,118168.230641,117107.786083
1683,0,1683,118365.770634,117107.786083
1684,0,1684,118563.310628,117107.786083
1685,0,1685,118760.850621,117107.786083
1686,0,1686,118958.390614,117107.786083
1687,0,1687,119155.930607,117107.786083
1688,0,1688,119353.470601,117107.786083
1689,0,1689,119551.010594,117107.786083
1690,0,1690,119748.550587,117107.786083
1691,0,1691,119946.090581,117107.786083
1692,0,1692,120143.630574,117107.786083
1693,0,1693,120341.170567,117107.786083
1694,0,1694,120538.710560,117107.786083
1695,0,1695,120736.250554,117107.786083
1696,0,1696,120933.790547,117107.786083
1697,0,1697,121131.330540,117107.786083
1698,0,1698,121328.870533,117107.786083
1699,0,1699,121526.410527,117107.786083
1700,0,1700,121723.950520,117107.786083
1701,0,1701,121921.490513,117107.786083
1702,0,1702,122119.030506,117107.786083
1703,0,1703,122316.570500,117107.786083
1704,0,1704,122514.110493,117107.786083
1705,0,1705,122711.650486,117107.786083
1706,0,1706,122909.190480,117107.786083
1707,0,1707,123106.730473,117107.786083
1708,0,1708,123304.270466,117107.786083
1709,0,1709,123501.810459,117107.786083
1710,0,1710,123699.350453,117107.786083
1711,0,1711,123896.890446,117107.786083
1712,0,1712,124094.430439,117107.786083
1713,0,1713,124291.970432,117107.786083
1714,0,1714,124489.510426,117107.786083
1715,0,1715,124687.050419,117107.786083
1716,0,1716,124884.590412,117107.786083
1717,0,1717,125082.130405,117107.786083
1718,0,1718,125477.210392,117107.786083
1719,0,1719,125674.750385,117107.786083
1720,0,1720,125872.290379,117107.786083
1721,0,1721,126069.830372,117107.786083
1722,0,1722,126267.370365,117107.786083
1723,0,1723,126464.910358,117107.786083
1724,0,1724,126662.450352,117107.786083
1725,0,1725,126859.990345,117107.786083
1726,0,1726,127057.530338,117107.786083
1727,0,1727,127255.070331,117107.786083
1728,0,1728,127452.610325,117107.786083
1729,0,1729,127650.150318,117107.786083
1730,0,1730,127847.690311,117107.786083
1731,0,1731,128045.230305,117107.786083
1732,0,1732,128242.770298,117107.786083
1733,0,1733,128440.310291,117107.786083
1734,0,1734,128637.850284,117107.786083
1735,0,1735,128835.390278,117107.786083
1736,0,1736,129032.930271,117107.786083
1737,0,1737,129230.470264,117107.786083
1738,0,1738,129428.010257,117107.786083
1739,0,1739,129625.550251,117107.786083
1740,0,1740,129823.090244,117107.786083
1741,0,1741,130020.630237,117107.786083
1742,0,1742,130218.170230,117107.786083
1743,0,1743,130415.710224,117107.786083
1744,0,1744,130613.250217,117107.786083
1745,0,1745,130810.790210,117107.786083
1746,0,1746,131008.330204,117107.786083
1747,0,1747,131205.870197,117107.786083
1748,0,1748,131403.410190,117107.786083
1749,0,1749,131600.950183,117107.786083
1750,0,1750,131798.490177,117107.786083
1751,0,1751,131996.030170,117107.786083
1752,0,1752,132193.570163,117107.786083
1753,0,1753,132391.110156,117107.786083
1754,0,1754,132588.650150,117107.786083
1755,0,1755,132786.190143,117107.786083
1756,0,1756,132983.730136,117107.786083
1757,0,1757,133181.270129,117107.786083
1758,0,1758,133378.810123,117107.786083
1759,0,1759,133576.350116,117107.786083
1760,0,1760,133773.890109,117107.786083
1761,0,1761,133971.430103,117107.786083
1762,0,1762,134168.970096,117107.786083
1763,0,1763,134366.510089,117107.786083
1764,0,1764,134564.050082,117107.786083
1765,0,1765,134761.590076,117107.786083
1766,0,1766,134959.130069,117107.786083
1767,0,1767,135156.670062,117107.786083
1768,0,1768,135354.210055,117107.786083
1769,0,1769,135551.750049,117107.786083
1770,0,1770,135749.290042,117107.786083
1771,0,1771,135946.830035,117107.786083
1772,0,1772,136144.370029,117107.786083
1773,0,1773,136341.910022,117107.786083
1774,0,1774,136539.450015,117107.786083
1775,0,1775,136736.990008,117107.786083
1776,0,1776,136934.530002,117107.786083
1777,0,1777,137132.069995,117107.786083
1778,0,1778,114217.430776,116911.822166
1779,0,1779,114414.970769,116911.822166
1780,0,1780,114612.510762,116911.822166
1781,0,1781,114810.050756,116911.822166
1782,0,1782,115007.590749,116911.822166
1783,0,1783,115205.130742,116911.822166
1784,0,1784,115402.670735,116911.822166
1785,0,1785,115600.210729,116911.822166
1786,0,1786,115797.750722,116911.822166
1787,0,1787,115995.290715,116911.822166
1788,0,1788,116192.830708,116911.822166
1789,0,1789,116390.370702,116911.822166
1790,0,1790,116587.910695,116911.822166
1791,0,1791,116785.450688,116911.822166
1792,0,1792,116982.990682,116911.822166
1793,0,1793,117180.530675,116911.822166
1794,0,1794,117378.070668,116911.822166
1795,0,1795,117575.610661,116911.822166
1796,0,1796,117773.150655,116911.822166
1797,0,1797,117970.690648,116911.822166
1798,0,1798,118168.230641,116911.822166
1799,0,1799,118365.770634,116911.822166
1800,0,1800,118563.310628,116911.822166
1801,0,1801,118760.850621,116911.822166
1802,0,1802,118958.390614,116911.822166
1803,0,1803,119155.930607,116911.822166
1804,0,1804,119353.470601,116911.822166
1805,0,1805,119551.010594,116911.822166
1806,0,1806,119748.550587,116911.822166
1807,0,1807,119946.090581,116911.822166
1808,0,1808,120143.630574,116911.822166
1809,0,1809,120341.170567,116911.822166
1810,0,1810,120538.710560,116911.822166
1811,0,1811,120736.250554,116911.822166
1812,0,1812,120933.790547,116911.822166
1813,0,1813,121131.330540,116911.822166
1814,0,1814,121328.870533,116911.822166
1815,0,1815,121526.410527,116911.822166
1816,0,1816,121723.950520,116911.822166
1817,0,1817,121921.490513,116911.822166
1818,0,1818,122119.030506,116911.822166
1819,0,1819,122316.570500,116911.822166
1820,0,1820,122514.110493,116911.822166
1821,0,1821,122711.650486,116911.822166
1822,0,1822,122909.190480,116911.822166
1823,0,1823,123106.730473,116911.822166
1824,0,1824,123304.270466,116911.822166
1825,0,1825,123501.810459,116911.822166
1826,0,1826,123699.350453,116911.822166
1827,0,1827,123896.890446,116911.822166
1828,0,1828,124094.430439,116911.822166
1829,0,1829,124291.970432,116911.822166
1830,0,1830,124489.510426,116911.822166
1831,0,1831,124687.050419,116911.822166
1832,0,1832,124884.590412,116911.822166
1833,0,1833,125082.130405,116911.822166
1834,0,1834,125279.670399,116911.822166
1835,0,1835,125477.210392,116911.822166
1836,0,1836,125674.750385,116911.822166
1837,0,1837,125872.290379,116911.822166
1838,0,1838,126069.830372,116911.822166
1839,0,1839,126267.370365,116911.822166
1840,0,1840,126464.910358,116911.822166
1841,0,1841,126662.450352,116911.822166
1842,0,1842,126859.990345,116911.822166
1843,0,1843,127057.530338,116911.822166
1844,0,1844,127255.070331,116911.822166
1845,0,1845,127452.610325,116911.822166
1846,0,1846,127650.150318,116911.822166
1847,0,1847,127847.690311,116911.822166
1848,0,1848,128045.230305,116911.822166
1849,0,1849,128242.770298,116911.822166
1850,0,1850,128440.310291,116911.822166
1851,0,1851,128637.850284,116911.822166
1852,0,1852,128835.390278,116911.822166
1853,0,1853,129032.930271,116911.822166
1854,0,1854,129230.470264,116911.822166
1855,0,1855,129428.010257,116911.822166
1856,0,1856,129625.550251,116911.822166
1857,0,1857,129823.090244,116911.822166
1858,0,1858,130020.630237,116911.822166
1859,0,1859,130218.170230,116911.822166
1860,0,1860,130415.710224,116911.822166
1861,0,1861,130613.250217,116911.822166
1862,0,1862,130810.790210,116911.822166
1863,0,1863,131008.330204,116911.822166
1864,0,1864,131205.870197,116911.822166
1865,0,1865,131403.410190,116911.822166
1866,0,1866,131600.950183,116911.822166
1867,0,1867,131798.490177,116911.822166
1868,0,1868,131996.030170,116911.822166
1869,0,1869,132193.570163,116911.822166
1870,0,1870,132391.110156,116911.822166
1871,0,1871,132588.650150,116911.822166
1872,0,1872,132786.190143,116911.822166
1873,0,1873,132983.730136,116911.822166
1874,0,1874,133181.270129,116911.822166
1875,0,1875,133378.810123,116911.822166
1876,0,1876,133576.350116,116911.822166
1877,0,1877,133773.890109,116911.822166
1878,0,1878,133971.430103,116911.822166
1879,0,1879,134168.970096,116911.822166
1880,0,1880,134366.510089,116911.822166
1881,0,1881,134564.050082,116911.822166
1882,0,1882,134761.590076,116911.822166
1883,0,1883,134959.130069,116911.822166
1884,0,1884,114019.890782,116715.858250
1885,0,1885,114217.430776,116715.858250
1886,0,1886,114414.970769,116715.858250
1887,0,1887,114612.510762,116715.858250
1888,0,1888,114810.050756,116715.858250
1889,0,1889,115007.590749,116715.858250
1890,0,1890,115205.130742,116715.858250
1891,0,1891,115402.670735,116715.858250
1892,0,1892,115600.210729,116715.858250
1893,0,1893,115797.750722,116715.858250
1894,0,1894,115995.290715,116715.858250
1895,0,1895,116192.830708,116715.858250
1896,0,1896,116390.370702,116715.858250
1897,0,1897,116587.910695,116715.858250
1898,0,1898,116785.450688,116715.858250
1899,0,1899,116982.990682,116715.858250
1900,0,1900,117180.530675,116715.858250
1901,0,1901,117378.070668,116715.858250
1902,0,1902,117575.610661,116715.858250
1903,0,1903,117773.150655,116715.858250
1904,0,1904,117970.690648,116715.858250
1905,0,1905,118168.230641,116715.858250
1906,0,1906,118365.770634,116715.858250
1907,0,1907,118563.310628,116715.858250
1908,0,1908,118760.850621,116715.858250
1909,0,1909,118958.390614,116715.858250
1910,0,1910,119155.930607,116715.858250
1911,0,1911,119353.470601,116715.858250
1912,0,1912,119551.010594,116715.858250
1913,0,1913,119748.550587,116715.858250
1914,0,1914,119946.090581,116715.858250
1915,0,1915,120143.630574,116715.858250
1916,0,1916,120341.170567,116715.858250
1917,0,1917,120538.710560,116715.858250
1918,0,1918,120736.250554,116715.858250
1919,0,1919,120933.790547,116715.858250
1920,0,1920,121131.330540,116715.858250
1921,0,1921,121328.870533,116715.858250
1922,0,1922,121526.410527,116715.858250
1923,0,1923,121723.950520,116715.858250
1924,0,1924,121921.490513,116715.858250
1925,0,1925,122119.030506,116715.858250
1926,0,1926,122316.570500,116715.858250
1927,0,1927,122514.110493,116715.858250
1928,0,1928,122711.650486,116715.858250
1929,0,1929,122909.190480,116715.858250
1930,0,1930,123106.730473,116715.858250
1931,0,1931,123304.270466,116715.858250
1932,0,1932,123501.810459,116715.858250
1933,0,1933,123699.350453,116715.858250
1934,0,1934,123896.890446,116715.858250
1935,0,1935,124094.430439,116715.858250
1936,0,1936,124291.970432,116715.858250
1937,0,1937,124489.510426,116715.858250
1938,0,1938,124884.590412,116715.858250
1939,0,1939,125082.130405,116715.858250
1940,0,1940,125279.670399,116715.858250
1941,0,1941,125477.210392,116715.858250
1942,0,1942,125674.750385,116715.858250
1943,0,1943,125872.290379,116715.858250
1944,0,1944,126069.830372,116715.858250
1945,0,1945,126267.370365,116715.858250
1946,0,1946,126464.910358,116715.858250
1947,0,1947,126662.450352,116715.858250
1948,0,1948,126859.990345,116715.858250
1949,0,1949,127057.530338,116715.858250
1950,0,1950,127255.070331,116715.858250
1951,0,1951,127452.610325,116715.858250
1952,0,1952,127650.150318,116715.858250
1953,0,1953,127847.690311,116715.858250
1954,0,1954,128045.230305,116715.858250
1955,0,1955,128242.770298,116715.858250
1956,0,1956,128440.310291,116715.858250
1957,0,1957,128637.850284,116715.858250
1958,0,1958,128835.390278,116715.858250
1959,0,1959,129032.930271,116715.858250
1960,0,1960,129230.470264,116715.858250
1961,0,1961,129625.550251,116715.858250
1962,0,1962,129823.090244,116715.858250
1963,0,1963,130020.630237,116715.858250
1964,0,1964,130218.170230,116715.858250
1965,0,1965,130415.710224,116715.858250
1966,0,1966,130613.250217,116715.858250
1967,0,1967,130810.790210,116715.858250
1968,0,1968,131008.330204,116715.858250
1969,0,1969,131205.870197,116715.858250
1970,0,1970,131403.410190,116715.858250
1971,0,1971,131600.950183,116715.858250
1972,0,1972,131798.490177,116715.858250
1973,0,1973,131996.030170,116715.858250
1974,0,1974,132193.570163,116715.858250
1975,0,1975,132391.110156,116715.858250
1976,0,1976,132588.650150,116715.858250
1977,0,1977,132786.190143,116715.858250
1978,0,1978,132983.730136,116715.858250
1979,0,1979,113822.350789,116519.894333
1980,0,1980,114019.890782,116519.894333
1981,0,1981,114217.430776,116519.894333
1982,0,1982,114414.970769,116519.894333
1983,0,1983,114612.510762,116519.894333
1984,0,1984,114810.050756,116519.894333
1985,0,1985,115007.590749,116519.894333
1986,0,1986,115205.130742,116519.894333
1987,0,1987,115402.670735,116519.894333
1988,0,1988,115600.210729,116519.894333
1989,0,1989,115797.750722,116519.894333
1990,0,1990,115995.290715,116519.894333
1991,0,1991,116192.830708,116519.894333
1992,0,1992,116390.370702,116519.894333
1993,0,1993,116587.910695,116519.894333
1994,0,1994,116785.450688,116519.894333
1995,0,1995,116982.990682,116519.894333
1996,0,1996,117180.530675,116519.894333
1997,0,1997,117378.070668,116519.894333
1998,0,1998,117575.610661,116519.894333
1999,0,1999,117773.150655,116519.894333
2000,0,2000,117970.690648,116519.894333
2001,0,2001,118365.770634,116519.894333
2002,0,2002,118760.850621,116519.894333
2003,0,2003,118958.390614,116519.894333
2004,0,2004,119155.930607,116519.894333
2005,0,2005,119353.470601,116519.894333
2006,0,2006,119551.010594,116519.894333
2007,0,2007,119748.550587,116519.894333
2008,0,2008,119946.090581,116519.894333
2009,0,2009,120143.630574,116519.894333
2010,0,2010,120341.170567,116519.894333
2011,0,2011,120538.710560,116519.894333
2012,0,2012,120736.250554,116519.894333
2013,0,2013,120933.790547,116519.894333
2014,0,2014,121131.330540,116519.894333
2015,0,2015,121328.870533,116519.894333
2016,0,2016,121526.410527,116519.894333
2017,0,2017,121723.950520,116519.894333
2018,0,2018,121921.490513,116519.894333
2019,0,2019,122119.030506,116519.894333
2020,0,2020,122316.570500,116519.894333
2021,0,2021,122514.110493,116519.894333
2022,0,2022,122711.650486,116519.894333
2023,0,2023,122909.190480,116519.894333
2024,0,2024,123106.730473,116519.894333
2025,0,2025,123304.270466,116519.894333
2026,0,2026,123501.810459,116519.894333
2027,0,2027,123699.350453,116519.894333
2028,0,2028,123896.890446,116519.894333
2029,0,2029,124094.430439,116519.894333
2030,0,2030,124291.970432,116519.894333
2031,0,2031,124489.510426,116519.894333
2032,0,2032,124687.050419,116519.894333
2033,0,2033,124884.590412,116519.894333
2034,0,2034,125082.130405,116519.894333
2035,0,2035,125279.670399,116519.894333
2036,0,2036,125477.210392,116519.894333
2037,0,2037,125674.750385,116519.894333
2038,0,2038,125872.290379,116519.894333
2039,0,2039,126069.830372,116519.894333
2040,0,2040,126267.370365,116519.894333
2041,0,2041,126464.910358,116519.894333
2042,0,2042,126662.450352,116519.894333
2043,0,2043,126859.990345,116519.894333
2044,0,2044,127057.530338,116519.894333
2045,0,2045,127255.070331,116519.894333
2046,0,2046,127452.610325,116519.894333
2047,0,2047,127650.150318,116519.894333
2048,0,2048,127847.690311,116519.894333
2049,0,2049,128045.230305,116519.894333
2050,0,2050,128242.770298,116519.894333
2051,0,2051,128440.310291,116519.894333
2052,0,2052,128637.850284,116519.894333
2053,0,2053,128835.390278,116519.894333
2054,0,2054,129032.930271,116519.894333
2055,0,2055,129230.470264,116519.894333
2056,0,2056,129428.010257,116519.894333
2057,0,2057,129625.550251,116519.894333
2058,0,2058,129823.090244,116519.894333
2059,0,2059,130020.630237,116519.894333
2060,0,2060,130218.170230,116519.894333
2061,0,2061,130415.710224,116519.894333
2062,0,2062,130613.250217,116519.894333
2063,0,2063,130810.790210,116519.894333
2064,0,2064,113427.270803,116323.930416
2065,0,2065,113624.810796,116323.930416
2066,0,2066,113822.350789,116323.930416
2067,0,2067,114019.890782,116323.930416
2068,0,2068,114217.430776,116323.930416
2069,0,2069,114414.970769,116323.930416
2070,0,2070,114612.510762,116323.930416
2071,0,2071,114810.050756,116323.930416
2072,0,2072,115007.590749,116323.930416
2073,0,2073,115205.130742,116323.930416
2074,0,2074,115402.670735,116323.930416
2075,0,2075,115600.210729,116323.930416
2076,0,2076,115797.750722,116323.930416
2077,0,2077,115995.290715,116323.930416
2078,0,2078,116192.830708,116323.930416
2079,0,2079,116390.370702,116323.930416
2080,0,2080,116587.910695,116323.930416
2081,0,2081,116785.450688,116323.930416
2082,0,2082,116982.990682,116323.930416
2083,0,2083,117180.530675,116323.930416
2084,0,2084,117378.070668,116323.930416
2085,0,2085,117575.610661,116323.930416
2086,0,2086,117773.150655,116323.930416
2087,0,2087,117970.690648,116323.930416
2088,0,2088,118168.230641,116323.930416
2089,0,2089,118365.770634,116323.930416
2090,0,2090,118563.310628,116323.930416
2091,0,2091,118760.850621,116323.930416
2092,0,2092,118958.390614,116323.930416
2093,0,2093,119155.930607,116323.930416
2094,0,2094,119353.470601,116323.930416
2095,0,2095,119551.010594,116323.930416
2096,0,2096,119748.550587,116323.930416
2097,0,2097,119946.090581,116323.930416
2098,0,2098,120143.630574,116323.930416
2099,0,2099,120341.170567,116323.930416
2100,0,2100,120538.710560,116323.930416
2101,0,2101,120736.250554,116323.930416
2102,0,2102,120933.790547,116323.930416
2103,0,2103,121131.330540,116323.930416
2104,0,2104,121328.870533,116323.930416
2105,0,2105,121526.410527,116323.930416
2106,0,2106,121723.950520,116323.930416
2107,0,2107,121921.490513,116323.930416
2108,0,2108,122119.030506,116323.930416
2109,0,2109,122316.570500,116323.930416
2110,0,2110,122514.110493,116323.930416
2111,0,2111,122711.650486,116323.930416
2112,0,2112,122909.190480,116323.930416
2113,0,2113,123106.730473,116323.930416
2114,0,2114,123304.270466,116323.930416
2115,0,2115,123501.810459,116323.930416
2116,0,2116,123699.350453,116323.930416
2117,0,2117,123896.890446,116323.930416
2118,0,2118,124094.430439,116323.930416
2119,0,2119,124291.970432,116323.930416
2120,0,2120,124489.510426,116323.930416
2121,0,2121,124884.590412,116323.930416
2122,0,2122,125082.130405,116323.930416
2123,0,2123,125279.670399,116323.930416
2124,0,2124,125477.210392,116323.930416
2125,0,2125,125674.750385,116323.930416
2126,0,2126,125872.290379,116323.930416
2127,0,2127,126069.830372,116323.930416
2128,0,2128,126267.370365,116323.930416
2129,0,2129,126464.910358,116323.930416
2130,0,2130,126662.450352,116323.930416
2131,0,2131,126859.990345,116323.930416
2132,0,2132,127057.530338,116323.930416
2133,0,2133,127255.070331,116323.930416
2134,0,2134,127452.610325,116323.930416
2135,0,2135,127650.150318,116323.930416
2136,0,2136,127847.690311,116323.930416
2137,0,2137,128045.230305,116323.930416
2138,0,2138,128242.770298,116323.930416
2139,0,2139,128440.310291,116323.930416
2140,0,2140,128637.850284,116323.930416
2141,0,2141,113229.730809,116127.966499
2142,0,2142,113427.270803,116127.966499
2143,0,2143,113624.810796,116127.966499
2144,0,2144,113822.350789,116127.966499
2145,0,2145,114019.890782,116127.966499
2146,0,2146,114217.430776,116127.966499
2147,0,2147,114414.970769,116127.966499
2148,0,2148,114612.510762,116127.966499
2149,0,2149,114810.050756,116127.966499
2150,0,2150,115007.590749,116127.966499
2151,0,2151,115205.130742,116127.966499
2152,0,2152,115402.670735,116127.966499
2153,0,2153,115600.210729,116127.966499
2154,0,2154,115797.750722,116127.966499
2155,0,2155,115995.290715,116127.966499
2156,0,2156,116192.830708,116127.966499
2157,0,2157,116390.370702,116127.966499
2158,0,2158,116587.910695,116127.966499
2159,0,2159,116785.450688,116127.966499
2160,0,2160,116982.990682,116127.966499
2161,0,2161,117180.530675,116127.966499
2162,0,2162,117378.070668,116127.966499
2163,0,2163,117575.610661,116127.966499
2164,0,2164,117773.150655,116127.966499
2165,0,2165,117970.690648,116127.966499
2166,0,2166,118168.230641,116127.966499
2167,0,2167,118365.770634,116127.966499
2168,0,2168,118563.310628,116127.966499
2169,0,2169,118760.850621,116127.966499
2170,0,2170,118958.390614,116127.966499
2171,0,2171,119155.930607,116127.966499
2172,0,2172,119353.470601,116127.966499
2173,0,2173,119551.010594,116127.966499
2174,0,2174,119748.550587,116127.966499
2175,0,2175,119946.090581,116127.966499
2176,0,2176,120143.630574,116127.966499
2177,0,2177,120341.170567,116127.966499
2178,0,2178,120538.710560,116127.966499
2179,0,2179,120736.250554,116127.966499
2180,0,2180,120933.790547,116127.966499
2181,0,2181,121131.330540,116127.966499
2182,0,2182,121328.870533,116127.966499
2183,0,2183,121526.410527,116127.966499
2184,0,2184,121723.950520,116127.966499
2185,0,2185,121921.490513,116127.966499
2186,0,2186,122119.030506,116127.966499
2187,0,2187,122316.570500,116127.966499
2188,0,2188,122514.110493,116127.966499
2189,0,2189,122711.650486,116127.966499
2190,0,2190,122909.190480,116127.966499
2191,0,2191,123106.730473,116127.966499
2192,0,2192,123304.270466,116127.966499
2193,0,2193,123501.810459,116127.966499
2194,0,2194,123699.350453,116127.966499
2195,0,2195,123896.890446,116127.966499
2196,0,2196,124094.430439,116127.966499
2197,0,2197,124489.510426,116127.966499
2198,0,2198,124687.050419,116127.966499
2199,0,2199,124884.590412,116127.966499
2200,0,2200,125082.130405,116127.966499
2201,0,2201,125279.670399,116127.966499
2202,0,2202,125477.210392,116127.966499
2203,0,2203,125674.750385,116127.966499
2204,0,2204,125872.290379,116127.966499
2205,0,2205,126069.830372,116127.966499
2206,0,2206,126267.370365,116127.966499
2207,0,2207,126464.910358,116127.966499
2208,0,2208,113032.190816,115932.002582
2209,0,2209,113229.730809,115932.002582
2210,0,2210,113427.270803,115932.002582
2211,0,2211,113624.810796,115932.002582
2212,0,2212,113822.350789,115932.002582
2213,0,2213,114019.890782,115932.002582
2214,0,2214,114217.430776,115932.002582
2215,0,2215,114414.970769,115932.002582
2216,0,2216,114612.510762,115932.002582
2217,0,2217,114810.050756,115932.002582
2218,0,2218,115007.590749,115932.002582
2219,0,2219,115205.130742,115932.002582
2220,0,2220,115402.670735,115932.002582
2221,0,2221,115600.210729,115932.002582
2222,0,2222,115797.750722,115932.002582
2223,0,2223,115995.290715,115932.002582
2224,0,2224,116192.830708,115932.002582
2225,0,2225,116390.370702,115932.002582
2226,0,2226,116587.910695,115932.002582
2227,0,2227,116785.450688,115932.002582
2228,0,2228,116982.990682,115932.002582
2229,0,2229,117180.530675,115932.002582
2230,0,2230,117378.070668,115932.002582
2231,0,2231,117575.610661,115932.002582
2232,0,2232,117773.150655,115932.002582
2233,0,2233,117970.690648,115932.002582
2234,0,2234,118168.230641,115932.002582
2235,0,2235,118365.770634,115932.002582
2236,0,2236,118563.310628,115932.002582
2237,0,2237,118760.850621,115932.002582
2238,0,2238,118958.390614,115932.002582
2239,0,2239,119155.930607,115932.002582
2240,0,2240,119353.470601,115932.002582
2241,0,2241,119551.010594,115932.002582
2242,0,2242,119748.550587,115932.002582
2243,0,2243,119946.090581,115932.002582
2244,0,2244,120143.630574,115932.002582
2245,0,2245,120341.170567,115932.002582
2246,0,2246,120538.710560,115932.002582
2247,0,2247,120736.250554,115932.002582
2248,0,2248,120933.790547,115932.002582
2249,0,2249,121131.330540,115932.002582
2250,0,2250,121328.870533,115932.002582
2251,0,2251,121526.410527,115932.002582
2252,0,2252,121723.950520,115932.002582
2253,0,2253,121921.490513,115932.002582
2254,0,2254,122119.030506,115932.002582
2255,0,2255,122316.570500,115932.002582
2256,0,2256,122514.110493,115932.002582
2257,0,2257,122711.650486,115932.002582
2258,0,2258,122909.190480,115932.002582
2259,0,2259,123106.730473,115932.002582
2260,0,2260,123304.270466,115932.002582
2261,0,2261,123501.810459,115932.002582
2262,0,2262,123699.350453,115932.002582
2263,0,2263,123896.890446,115932.002582
2264,0,2264,124094.430439,115932.002582
2265,0,2265,124291.970432,115932.002582
2266,0,2266,124489.510426,115932.002582
2267,0,2267,112834.650823,115736.038665
2268,0,2268,113032.190816,115736.038665
2269,0,2269,113229.730809,115736.038665
2270,0,2270,113427.270803,115736.038665
2271,0,2271,113624.810796,115736.038665
2272,0,2272,113822.350789,115736.038665
2273,0,2273,114019.890782,115736.038665
2274,0,2274,114217.430776,115736.038665
2275,0,2275,114414.970769,115736.038665
2276,0,2276,114612.510762,115736.038665
2277,0,2277,114810.050756,115736.038665
2278,0,2278,115007.590749,115736.038665
2279,0,2279,115205.130742,115736.038665
2280,0,2280,115402.670735,115736.038665
2281,0,2281,115600.210729,115736.038665
2282,0,2282,115797.750722,115736.038665
2283,0,2283,115995.290715,115736.038665
2284,0,2284,116192.830708,115736.038665
2285,0,2285,116390.370702,115736.038665
2286,0,2286,116587.910695,115736.038665
2287,0,2287,116785.450688,115736.038665
2288,0,2288,116982.990682,115736.038665
2289,0,2289,117180.530675,115736.038665
2290,0,2290,117378.070668,115736.038665
2291,0,2291,117575.610661,115736.038665
2292,0,2292,117773.150655,115736.038665
2293,0,2293,117970.690648,115736.038665
2294,0,2294,118168.230641,115736.038665
2295,0,2295,118365.770634,115736.038665
2296,0,2296,118563.310628,115736.038665
2297,0,2297,118760.850621,115736.038665
2298,0,2298,118958.390614,115736.038665
2299,0,2299,119155.930607,115736.038665
2300,0,2300,119353.470601,115736.038665
2301,0,2301,119551.010594,115736.038665
2302,0,2302,119748.550587,115736.038665
2303,0,2303,119946.090581,115736.038665
2304,0,2304,120143.630574,115736.038665
2305,0,2305,120341.170567,115736.038665
2306,0,2306,120538.710560,115736.038665
2307,0,2307,120736.250554,115736.038665
2308,0,2308,120933.790547,115736.038665
2309,0,2309,121131.330540,115736.038665
2310,0,2310,121328.870533,115736.038665
2311,0,2311,121526.410527,115736.038665
2312,0,2312,121723.950520,115736.038665
2313,0,2313,121921.490513,115736.038665
2314,0,2314,122119.030506,115736.038665
2315,0,2315,122316.570500,115736.038665
2316,0,2316,112637.110830,115540.074748
2317,0,2317,112834.650823,115540.074748
2318,0,2318,113032.190816,115540.074748
2319,0,2319,113229.730809,115540.074748
2320,0,2320,113427.270803,115540.074748
2321,0,2321,113624.810796,115540.074748
2322,0,2322,113822.350789,115540.074748
2323,0,2323,114019.890782,115540.074748
2324,0,2324,114217.430776,115540.074748
2325,0,2325,114414.970769,115540.074748
2326,0,2326,114612.510762,115540.074748
2327,0,2327,114810.050756,115540.074748
2328,0,2328,115007.590749,115540.074748
2329,0,2329,115402.670735,115540.074748
2330,0,2330,115600.210729,115540.074748
2331,0,2331,115797.750722,115540.074748
2332,0,2332,115995.290715,115540.074748
2333,0,2333,116192.830708,115540.074748
2334,0,2334,116390.370702,115540.074748
2335,0,2335,116587.910695,115540.074748
2336,0,2336,116785.450688,115540.074748
2337,0,2337,116982.990682,115540.074748
2338,0,2338,117180.530675,115540.074748
2339,0,2339,117378.070668,115540.074748
2340,0,2340,117575.610661,115540.074748
2341,0,2341,117773.150655,115540.074748
2342,0,2342,117970.690648,115540.074748
2343,0,2343,118168.230641,115540.074748
2344,0,2344,118365.770634,115540.074748
2345,0,2345,118563.310628,115540.074748
2346,0,2346,118760.850621,115540.074748
2347,0,2347,119155.930607,115540.074748
2348,0,2348,119353.470601,115540.074748
2349,0,2349,119551.010594,115540.074748
2350,0,2350,119748.550587,115540.074748
2351,0,2351,119946.090581,115540.074748
2352,0,2352,120143.630574,115540.074748
2353,0,2353,112439.570836,115344.110831
2354,0,2354,112637.110830,115344.110831
2355,0,2355,112834.650823,115344.110831
2356,0,2356,113032.190816,115344.110831
2357,0,2357,113229.730809,115344.110831
2358,0,2358,113427.270803,115344.110831
2359,0,2359,113624.810796,115344.110831
2360,0,2360,113822.350789,115344.110831
2361,0,2361,114019.890782,115344.110831
2362,0,2362,114217.430776,115344.110831
2363,0,2363,114414.970769,115344.110831
2364,0,2364,114612.510762,115344.110831
2365,0,2365,114810.050756,115344.110831
2366,0,2366,115007.590749,115344.110831
2367,0,2367,115205.130742,115344.110831
2368,0,2368,115402.670735,115344.110831
2369,0,2369,115600.210729,115344.110831
2370,0,2370,115797.750722,115344.110831
2371,0,2371,115995.290715,115344.110831
2372,0,2372,116192.830708,115344.110831
2373,0,2373,116390.370702,115344.110831
2374,0,2374,116587.910695,115344.110831
2375,0,2375,116785.450688,115344.110831
2376,0,2376,116982.990682,115344.110831
2377,0,2377,117180.530675,115344.110831
2378,0,2378,117378.070668,115344.110831
2379,0,2379,117575.610661,115344.110831
2380,0,2380,117773.150655,115344.110831
2381,0,2381,117970.690648,115344.110831
2382,0,2382,118168.230641,115344.110831
2383,0,2383,118365.770634,115344.110831
2384,0,2384,118563.310628,115344.110831
2385,0,2385,118760.850621,115344.110831
2386,0,2386,118958.390614,115344.110831
2387,0,2387,119155.930607,115344.110831
2388,0,2388,112242.030843,115148.146914
2389,0,2389,112439.570836,115148.146914
2390,0,2390,112637.110830,115148.146914
2391,0,2391,112834.650823,115148.146914
2392,0,2392,113032.190816,115148.146914
2393,0,2393,113427.270803,115148.146914
2394,0,2394,113624.810796,115148.146914
2395,0,2395,113822.350789,115148.146914
2396,0,2396,114019.890782,115148.146914
2397,0,2397,114217.430776,115148.146914
2398,0,2398,114414.970769,115148.146914
2399,0,2399,114612.510762,115148.146914
2400,0,2400,114810.050756,115148.146914
2401,0,2401,115007.590749,115148.146914
2402,0,2402,115205.130742,115148.146914
2403,0,2403,115402.670735,115148.146914
2404,0,2404,115600.210729,115148.146914
2405,0,2405,115797.750722,115148.146914
2406,0,2406,115995.290715,115148.146914
2407,0,2407,116192.830708,115148.146914
2408,0,2408,116390.370702,115148.146914
2409,0,2409,116587.910695,115148.146914
2410,0,2410,116785.450688,115148.146914
2411,0,2411,116982.990682,115148.146914
2412,0,2412,117180.530675,115148.146914
2413,0,2413,117378.070668,115148.146914
2414,0,2414,117575.610661,115148.146914
2415,0,2415,117773.150655,115148.146914
2416,0,2416,117970.690648,115148.146914
2417,0,2417,118168.230641,115148.146914
2418,0,2418,118365.770634,115148.146914
2419,0,2419,112044.490850,114952.182997
2420,0,2420,112242.030843,114952.182997
2421,0,2421,112439.570836,114952.182997
2422,0,2422,112637.110830,114952.182997
2423,0,2423,112834.650823,114952.182997
2424,0,2424,113032.190816,114952.182997
2425,0,2425,113229.730809,114952.182997
2426,0,2426,113427.270803,114952.182997
2427,0,2427,113624.810796,114952.182997
2428,0,2428,113822.350789,114952.182997
2429,0,2429,114019.890782,114952.182997
2430,0,2430,114217.430776,114952.182997
2431,0,2431,114414.970769,114952.182997
2432,0,2432,114612.510762,114952.182997
2433,0,2433,114810.050756,114952.182997
2434,0,2434,115007.590749,114952.182997
2435,0,2435,115205.130742,114952.182997
2436,0,2436,115402.670735,114952.182997
2437,0,2437,115600.210729,114952.182997
2438,0,2438,115797.750722,114952.182997
2439,0,2439,115995.290715,114952.182997
2440,0,2440,116192.830708,114952.182997
2441,0,2441,116390.370702,114952.182997
2442,0,2442,116587.910695,114952.182997
2443,0,2443,116785.450688,114952.182997
2444,0,2444,116982.990682,114952.182997
2445,0,2445,117180.530675,114952.182997
2446,0,2446,117378.070668,114952.182997
2447,0,2447,117575.610661,114952.182997
2448,0,2448,117773.150655,114952.182997
2449,0,2449,111846.950857,114756.219080
2450,0,2450,112044.490850,114756.219080
2451,0,2451,112242.030843,114756.219080
2452,0,2452,112439.570836,114756.219080
2453,0,2453,112637.110830,114756.219080
2454,0,2454,112834.650823,114756.219080
2455,0,2455,113032.190816,114756.219080
2456,0,2456,113229.730809,114756.219080
2457,0,2457,113427.270803,114756.219080
2458,0,2458,113624.810796,114756.219080
2459,0,2459,113822.350789,114756.219080
2460,0,2460,114019.890782,114756.219080
2461,0,2461,114217.430776,114756.219080
2462,0,2462,114414.970769,114756.219080
2463,0,2463,114612.510762,114756.219080
2464,0,2464,114810.050756,114756.219080
2465,0,2465,115007.590749,114756.219080
2466,0,2466,115205.130742,114756.219080
2467,0,2467,115402.670735,114756.219080
2468,0,2468,115600.210729,114756.219080
2469,0,2469,115797.750722,114756.219080
2470,0,2470,115995.290715,114756.219080
2471,0,2471,116192.830708,114756.219080
2472,0,2472,116390.370702,114756.219080
2473,0,2473,116587.910695,114756.219080
2474,0,2474,116785.450688,114756.219080
2475,0,2475,116982.990682,114756.219080
2476,0,2476,111846.950857,114560.255163
2477,0,2477,112044.490850,114560.255163
2478,0,2478,112242.030843,114560.255163
2479,0,2479,112439.570836,114560.255163
2480,0,2480,112637.110830,114560.255163
2481,0,2481,112834.650823,114560.255163
2482,0,2482,113032.190816,114560.255163
2483,0,2483,113229.730809,114560.255163
2484,0,2484,113427.270803,114560.255163
2485,0,2485,113624.810796,114560.255163
2486,0,2486,113822.350789,114560.255163
2487,0,2487,114019.890782,114560.255163
2488,0,2488,114217.430776,114560.255163
2489,0,2489,114414.970769,114560.255163
2490,0,2490,114612.510762,114560.255163
2491,0,2491,114810.050756,114560.255163
2492,0,2492,115007.590749,114560.255163
2493,0,2493,115205.130742,114560.255163
2494,0,2494,115402.670735,114560.255163
2495,0,2495,115600.210729,114560.255163
2496,0,2496,115797.750722,114560.255163
2497,0,2497,115995.290715,114560.255163
2498,0,2498,116192.830708,114560.255163
2499,0,2499,112044.490850,114364.291246
2500,0,2500,112242.030843,114364.291246
2501,0,2501,112439.570836,114364.291246
2502,0,2502,112637.110830,114364.291246
2503,0,2503,112834.650823,114364.291246
2504,0,2504,113032.190816,114364.291246
2505,0,2505,113229.730809,114364.291246
2506,0,2506,113427.270803,114364.291246
2507,0,2507,113624.810796,114364.291246
2508,0,2508,113822.350789,114364.291246
2509,0,2509,114019.890782,114364.291246
2510,0,2510,114217.430776,114364.291246
2511,0,2511,114414.970769,114364.291246
2512,0,2512,114612.510762,114364.291246
2513,0,2513,114810.050756,114364.291246
2514,0,2514,115007.590749,114364.291246
2515,0,2515,115402.670735,114364.291246
2516,0,2516,112044.490850,114168.327329
2517,0,2517,112242.030843,114168.327329
2518,0,2518,112439.570836,114168.327329
2519,0,2519,112637.110830,114168.327329
2520,0,2520,112834.650823,114168.327329
2521,0,2521,113032.190816,114168.327329
2522,0,2522,113229.730809,114168.327329
2523,0,2523,113427.270803,114168.327329
2524,0,2524,113624.810796,114168.327329
2525,0,2525,113822.350789,114168.327329
2526,0,2526,114019.890782,114168.327329
2527,0,2527,114217.430776,114168.327329
2528,0,2528,114414.970769,114168.327329
2529,0,2529,114612.510762,114168.327329
2530,0,2530,112044.490850,113972.363412
2531,0,2531,112242.030843,113972.363412
2532,0,2532,112439.570836,113972.363412
2533,0,2533,112637.110830,113972.363412
2534,0,2534,112834.650823,113972.363412
2535,0,2535,113032.190816,113972.363412
2536,0,2536,113229.730809,113972.363412
2537,0,2537,113427.270803,113972.363412
2538,0,2538,113624.810796,113972.363412
2539,0,2539,113822.350789,113972.363412
2540,0,2540,112044.490850,113776.399495
2541,0,2541,112242.030843,113776.399495
2542,0,2542,112439.570836,113776.399495
2543,0,2543,112637.110830,113776.399495
2544,0,2544,112834.650823,113776.399495
2545,0,2545,113032.190816,113776.399495
2546,0,2546,112044.490850,113580.435578
2547,0,2547,112242.030843,113580.435578
