algorithm,instance,run_id,vector_id,generation,iteration,f_cost,f_power,weight1,weight2,occupied
nsga2,178_r1e-04,17,0,0,0,56996688.322707,765216.410156,0.000000,1.000000,3253 4734 7280 16170 23467 23768 51855 55636 86649 119400 140007 150454 159621 176749 184327 194368 197340 199405 199761 209397 212444 213219 217181
nsga2,178_r1e-04,17,1,0,0,54503046.388059,733407.560547,0.111111,0.888889,1262 1336 19476 49995 55437 61527 63110 63223 75711 85611 90672 94236 118654 133712 138933 148802 156525 162274 174801 186804 187746 188230 221637
nsga2,178_r1e-04,17,2,0,0,54503046.388059,733407.560547,0.222222,0.777778,1262 1336 19476 49995 55437 61527 63110 63223 75711 85611 90672 94236 118654 133712 138933 148802 156525 162274 174801 186804 187746 188230 221637
nsga2,178_r1e-04,17,3,0,0,54503046.388059,733407.560547,0.333333,0.666667,1262 1336 19476 49995 55437 61527 63110 63223 75711 85611 90672 94236 118654 133712 138933 148802 156525 162274 174801 186804 187746 188230 221637
nsga2,178_r1e-04,17,4,0,0,54503046.388059,733407.560547,0.444444,0.555556,1262 1336 19476 49995 55437 61527 63110 63223 75711 85611 90672 94236 118654 133712 138933 148802 156525 162274 174801 186804 187746 188230 221637
nsga2,178_r1e-04,17,5,0,0,54503046.388059,733407.560547,0.555556,0.444444,1262 1336 19476 49995 55437 61527 63110 63223 75711 85611 90672 94236 118654 133712 138933 148802 156525 162274 174801 186804 187746 188230 221637
nsga2,178_r1e-04,17,6,0,0,54503046.388059,733407.560547,0.666667,0.333333,1262 1336 19476 49995 55437 61527 63110 63223 75711 85611 90672 94236 118654 133712 138933 148802 156525 162274 174801 186804 187746 188230 221637
nsga2,178_r1e-04,17,7,0,0,54503046.388059,733407.560547,0.777778,0.222222,1262 1336 19476 49995 55437 61527 63110 63223 75711 85611 90672 94236 118654 133712 138933 148802 156525 162274 174801 186804 187746 188230 221637
nsga2,178_r1e-04,17,8,0,0,54503046.388059,733407.560547,0.888889,0.111111,1262 1336 19476 49995 55437 61527 63110 63223 75711 85611 90672 94236 118654 133712 138933 148802 156525 162274 174801 186804 187746 188230 221637
nsga2,178_r1e-04,17,9,0,0,54503046.388059,733407.560547,1.000000,0.000000,1262 1336 19476 49995 55437 61527 63110 63223 75711 85611 90672 94236 118654 133712 138933 148802 156525 162274 174801 186804 187746 188230 221637
nsga2,178_r1e-04,17,0,50,1,51456645.091740,782612.948242,0.000000,1.000000,1262 1336 17066 19476 22936 23158 58263 69339 70183 70340 72332 74333 77383 82262 86668 95428 99881 168957 170828 176669 195454 221411 226940
nsga2,178_r1e-04,17,1,50,1,49013841.165702,753434.022217,0.111111,0.888889,1262 1336 17066 19476 69339 70183 70340 72332 75058 76070 77383 82262 83488 86409 86668 88616 88841 90569 90983 95428 99881 116120 221411
nsga2,178_r1e-04,17,2,50,1,48983688.809507,750568.672363,0.222222,0.777778,1336 13993 18234 18752 18928 21149 72332 75058 76070 81256 82262 83488 86668 88616 95428 139700 164888 170828 172441 176669 190401 195454 221411
nsga2,178_r1e-04,17,3,50,1,48983688.809507,750568.672363,0.333333,0.666667,1336 13993 18234 18752 18928 21149 72332 75058 76070 81256 82262 83488 86668 88616 95428 139700 164888 170828 172441 176669 190401 195454 221411
nsga2,178_r1e-04,17,4,50,1,48983688.809507,750568.672363,0.444444,0.555556,1336 13993 18234 18752 18928 21149 72332 75058 76070 81256 82262 83488 86668 88616 95428 139700 164888 170828 172441 176669 190401 195454 221411
nsga2,178_r1e-04,17,5,50,1,48983688.809507,750568.672363,0.555556,0.444444,1336 13993 18234 18752 18928 21149 72332 75058 76070 81256 82262 83488 86668 88616 95428 139700 164888 170828 172441 176669 190401 195454 221411
nsga2,178_r1e-04,17,6,50,1,48983688.809507,750568.672363,0.666667,0.333333,1336 13993 18234 18752 18928 21149 72332 75058 76070 81256 82262 83488 86668 88616 95428 139700 164888 170828 172441 176669 190401 195454 221411
nsga2,178_r1e-04,17,7,50,1,48983688.809507,750568.672363,0.777778,0.222222,1336 13993 18234 18752 18928 21149 72332 75058 76070 81256 82262 83488 86668 88616 95428 139700 164888 170828 172441 176669 190401 195454 221411
nsga2,178_r1e-04,17,8,50,1,48983688.809507,750568.672363,0.888889,0.111111,1336 13993 18234 18752 18928 21149 72332 75058 76070 81256 82262 83488 86668 88616 95428 139700 164888 170828 172441 176669 190401 195454 221411
nsga2,178_r1e-04,17,9,50,1,48983688.809507,750568.672363,1.000000,0.000000,1336 13993 18234 18752 18928 21149 72332 75058 76070 81256 82262 83488 86668 88616 95428 139700 164888 170828 172441 176669 190401 195454 221411
nsga2,178_r1e-04,17,0,100,2,48789622.691528,782612.948242,0.000000,1.000000,485 1336 17066 72332 76070 82071 82262 82286 83488 86409 86575 88616 88841 90907 90983 94391 95428 129951 138164 170828 176669 184130 195454
nsga2,178_r1e-04,17,1,100,2,46505918.295095,738060.559082,0.111111,0.888889,485 1336 13993 17066 76070 80093 81215 81256 81303 82071 82212 82262 82286 83464 83488 86409 86575 86681 88616 88841 90983 95428 138164
nsga2,178_r1e-04,17,2,100,2,46338639.854165,723316.306763,0.222222,0.777778,485 1336 13993 17066 76070 79277 80093 81215 81256 82071 82262 82286 83464 83488 86409 86575 86668 86681 88616 88679 88841 90983 184130
nsga2,178_r1e-04,17,3,100,2,46224513.371855,718890.202271,0.333333,0.666667,1336 13993 17066 18234 76070 79277 80093 81215 81256 82071 82262 82286 83464 83488 86409 86575 86668 86681 88616 88679 88841 90983 184130
nsga2,178_r1e-04,17,4,100,2,46116723.565623,717438.098999,0.444444,0.555556,1336 13993 18234 75058 76070 79277 80093 81215 81256 82071 82262 82286 83464 83488 85494 86575 86668 86681 88616 88679 88841 90983 184130
nsga2,178_r1e-04,17,5,100,2,46116723.565623,717438.098999,0.555556,0.444444,1336 13993 18234 75058 76070 79277 80093 81215 81256 82071 82262 82286 83464 83488 85494 86575 86668 86681 88616 88679 88841 90983 184130
nsga2,178_r1e-04,17,6,100,2,46116723.565623,717438.098999,0.666667,0.333333,1336 13993 18234 75058 76070 79277 80093 81215 81256 82071 82262 82286 83464 83488 85494 86575 86668 86681 88616 88679 88841 90983 184130
nsga2,178_r1e-04,17,7,100,2,46116723.565623,717438.098999,0.777778,0.222222,1336 13993 18234 75058 76070 79277 80093 81215 81256 82071 82262 82286 83464 83488 85494 86575 86668 86681 88616 88679 88841 90983 184130
nsga2,178_r1e-04,17,8,100,2,46116723.565623,717438.098999,0.888889,0.111111,1336 13993 18234 75058 76070 79277 80093 81215 81256 82071 82262 82286 83464 83488 85494 86575 86668 86681 88616 88679 88841 90983 184130
nsga2,178_r1e-04,17,9,100,2,46116723.565623,717438.098999,1.000000,0.000000,1336 13993 18234 75058 76070 79277 80093 81215 81256 82071 82262 82286 83464 83488 85494 86575 86668 86681 88616 88679 88841 90983 184130
nsga2,178_r1e-04,17,0,150,3,48156674.501750,782612.948242,0.000000,1.000000,937 1336 17066 18234 76070 82071 82262 82286 83428 83488 86575 88616 88841 90907 90983 94391 95428 106073 138164 170828 176669 184130 195454
nsga2,178_r1e-04,17,1,150,3,46198121.817513,744932.836060,0.111111,0.888889,1336 13993 17066 18234 75058 76070 81256 81303 82071 82262 82286 83428 83464 83488 85494 86575 86668 86681 88616 88679 88841 90983 184130
nsga2,178_r1e-04,17,2,150,3,45996631.542470,733250.235535,0.222222,0.777778,1336 13993 17066 18234 75058 76070 81256 81303 82071 82262 82286 83428 83464 83488 85494 86575 86668 86681 87749 88616 88679 88841 90983
nsga2,178_r1e-04,17,3,150,3,45996631.542470,733250.235535,0.333333,0.666667,1336 13993 17066 18234 75058 76070 81256 81303 82071 82262 82286 83428 83464 83488 85494 86575 86668 86681 87749 88616 88679 88841 90983
nsga2,178_r1e-04,17,4,150,3,45920189.009032,728653.444031,0.444444,0.555556,13993 17066 17101 18234 75058 76070 81256 81303 82071 82262 82286 83428 83464 83488 85494 86575 86668 86681 87749 88616 88679 88841 90983
nsga2,178_r1e-04,17,5,150,3,45920189.009032,728653.444031,0.555556,0.444444,13993 17066 17101 18234 75058 76070 81256 81303 82071 82262 82286 83428 83464 83488 85494 86575 86668 86681 87749 88616 88679 88841 90983
nsga2,178_r1e-04,17,6,150,3,45920189.009032,728653.444031,0.666667,0.333333,13993 17066 17101 18234 75058 76070 81256 81303 82071 82262 82286 83428 83464 83488 85494 86575 86668 86681 87749 88616 88679 88841 90983
nsga2,178_r1e-04,17,7,150,3,45893326.934682,710183.521606,0.777778,0.222222,13993 18234 75058 76070 80093 81215 81256 82071 82262 82286 83464 83488 85494 86575 86653 86668 86681 87688 88616 88679 88841 90983 184130
nsga2,178_r1e-04,17,8,150,3,45893326.934682,710183.521606,0.888889,0.111111,13993 18234 75058 76070 80093 81215 81256 82071 82262 82286 83464 83488 85494 86575 86653 86668 86681 87688 88616 88679 88841 90983 184130
nsga2,178_r1e-04,17,9,150,3,45893326.934682,710183.521606,1.000000,0.000000,13993 18234 75058 76070 80093 81215 81256 82071 82262 82286 83464 83488 85494 86575 86653 86668 86681 87688 88616 88679 88841 90983 184130
nsga2,178_r1e-04,17,0,200,4,48133486.342065,782612.948242,0.000000,1.000000,1336 1526 17066 18234 76070 82071 82262 82286 83428 83488 86575 88616 88841 90907 90983 94391 95428 106073 138164 170828 176669 184130 195454
nsga2,178_r1e-04,17,1,200,4,45821225.234971,745644.481934,0.111111,0.888889,1336 13993 75058 76070 81303 82071 82262 82286 83428 83464 83488 84370 85444 85459 85494 86409 86575 87749 88616 88679 88841 90705 90983
nsga2,178_r1e-04,17,2,200,4,45737350.678029,737024.316895,0.222222,0.777778,13993 17066 75058 76070 79190 81303 82071 82262 82286 83156 83428 83464 83488 85444 85459 86409 86575 87688 87749 88616 88679 88841 90983
nsga2,178_r1e-04,17,3,200,4,45617717.046747,733157.694702,0.333333,0.666667,1336 13993 14980 17066 75058 76070 79218 81303 82262 82286 83343 83428 83464 83488 84370 85444 85494 86575 87749 88616 88679 88841 90983
nsga2,178_r1e-04,17,4,200,4,45617717.046747,733157.694702,0.444444,0.555556,1336 13993 14980 17066 75058 76070 79218 81303 82262 82286 83343 83428 83464 83488 84370 85444 85494 86575 87749 88616 88679 88841 90983
nsga2,178_r1e-04,17,5,200,4,45617717.046747,733157.694702,0.555556,0.444444,1336 13993 14980 17066 75058 76070 79218 81303 82262 82286 83343 83428 83464 83488 84370 85444 85494 86575 87749 88616 88679 88841 90983
nsga2,178_r1e-04,17,6,200,4,45579412.683129,724257.907410,0.666667,0.333333,13993 17066 75058 76070 79190 81303 82262 82286 83428 83464 83488 85265 85444 85494 86409 86575 86668 86681 87749 88616 88679 88841 90983
nsga2,178_r1e-04,17,7,200,4,45579412.683129,724257.907410,0.777778,0.222222,13993 17066 75058 76070 79190 81303 82262 82286 83428 83464 83488 85265 85444 85494 86409 86575 86668 86681 87749 88616 88679 88841 90983
nsga2,178_r1e-04,17,8,200,4,45579412.683129,724257.907410,0.888889,0.111111,13993 17066 75058 76070 79190 81303 82262 82286 83428 83464 83488 85265 85444 85494 86409 86575 86668 86681 87749 88616 88679 88841 90983
nsga2,178_r1e-04,17,9,200,4,45579412.683129,724257.907410,1.000000,0.000000,13993 17066 75058 76070 79190 81303 82262 82286 83428 83464 83488 85265 85444 85494 86409 86575 86668 86681 87749 88616 88679 88841 90983
nsga2,178_r1e-04,17,0,250,5,48133486.342065,782612.948242,0.000000,1.000000,1336 1526 17066 18234 76070 82071 82262 82286 83428 83488 86575 88616 88841 90907 90983 94391 95428 106073 138164 170828 176669 184130 195454
nsga2,178_r1e-04,17,1,250,5,45630451.206467,748119.796509,0.111111,0.888889,13993 17066 75058 76070 81303 82262 82286 83156 83370 83428 83464 83488 84419 85444 85459 85494 86409 86575 88616 88831 88841 90705 90983
nsga2,178_r1e-04,17,2,250,5,45484780.973063,734675.614990,0.222222,0.777778,13993 17066 75058 76070 79190 80225 81303 82262 82286 83156 83428 83464 83488 85444 85459 86409 86575 87688 87749 88616 88831 88841 90983
nsga2,178_r1e-04,17,3,250,5,45484780.973063,734675.614990,0.333333,0.666667,13993 17066 75058 76070 79190 80225 81303 82262 82286 83156 83428 83464 83488 85444 85459 86409 86575 87688 87749 88616 88831 88841 90983
nsga2,178_r1e-04,17,4,250,5,45484780.973063,734675.614990,0.444444,0.555556,13993 17066 75058 76070 79190 80225 81303 82262 82286 83156 83428 83464 83488 85444 85459 86409 86575 87688 87749 88616 88831 88841 90983
nsga2,178_r1e-04,17,5,250,5,45484780.973063,734675.614990,0.555556,0.444444,13993 17066 75058 76070 79190 80225 81303 82262 82286 83156 83428 83464 83488 85444 85459 86409 86575 87688 87749 88616 88831 88841 90983
nsga2,178_r1e-04,17,6,250,5,45484780.973063,734675.614990,0.666667,0.333333,13993 17066 75058 76070 79190 80225 81303 82262 82286 83156 83428 83464 83488 85444 85459 86409 86575 87688 87749 88616 88831 88841 90983
nsga2,178_r1e-04,17,7,250,5,45484780.973063,734675.614990,0.777778,0.222222,13993 17066 75058 76070 79190 80225 81303 82262 82286 83156 83428 83464 83488 85444 85459 86409 86575 87688 87749 88616 88831 88841 90983
nsga2,178_r1e-04,17,8,250,5,45484780.973063,734675.614990,0.888889,0.111111,13993 17066 75058 76070 79190 80225 81303 82262 82286 83156 83428 83464 83488 85444 85459 86409 86575 87688 87749 88616 88831 88841 90983
nsga2,178_r1e-04,17,9,250,5,45484780.973063,734675.614990,1.000000,0.000000,13993 17066 75058 76070 79190 80225 81303 82262 82286 83156 83428 83464 83488 85444 85459 86409 86575 87688 87749 88616 88831 88841 90983
nsga2,178_r1e-04,17,0,300,6,46900980.138467,782612.948242,0.000000,1.000000,1231 1527 13993 17066 76070 81458 82262 82286 83370 83428 83464 83488 85444 85459 85494 86409 86575 88616 88831 90983 131015 184130 219087
nsga2,178_r1e-04,17,1,300,6,45416042.518093,745711.648682,0.111111,0.888889,13993 17066 75058 76070 79190 80225 81303 82262 82286 83156 83370 83428 83464 83488 85444 85459 85494 86409 86575 88616 88831 88841 90983
nsga2,178_r1e-04,17,2,300,6,45327344.703967,737527.929688,0.222222,0.777778,17066 75058 75141 76070 79190 80225 81303 82262 82286 83156 83370 83428 83464 83488 85444 85459 85494 86409 86575 88616 88831 88841 90983
nsga2,178_r1e-04,17,3,300,6,45183451.267348,728729.089355,0.333333,0.666667,75058 75141 76070 79190 80225 81303 82193 82262 82286 83156 83370 83428 83464 83488 85444 85459 85494 86409 86575 88616 88831 88841 90983
nsga2,178_r1e-04,17,4,300,6,45183451.267348,728729.089355,0.444444,0.555556,75058 75141 76070 79190 80225 81303 82193 82262 82286 83156 83370 83428 83464 83488 85444 85459 85494 86409 86575 88616 88831 88841 90983
nsga2,178_r1e-04,17,5,300,6,45183451.267348,728729.089355,0.555556,0.444444,75058 75141 76070 79190 80225 81303 82193 82262 82286 83156 83370 83428 83464 83488 85444 85459 85494 86409 86575 88616 88831 88841 90983
nsga2,178_r1e-04,17,6,300,6,45183451.267348,728729.089355,0.666667,0.333333,75058 75141 76070 79190 80225 81303 82193 82262 82286 83156 83370 83428 83464 83488 85444 85459 85494 86409 86575 88616 88831 88841 90983
nsga2,178_r1e-04,17,7,300,6,45170472.267634,726906.333496,0.777778,0.222222,75058 75141 76070 79190 80225 81303 82262 82286 83156 83370 83428 83464 83488 85384 85444 85459 85494 86409 86575 88616 88831 88841 90983
nsga2,178_r1e-04,17,8,300,6,45170472.267634,726906.333496,0.888889,0.111111,75058 75141 76070 79190 80225 81303 82262 82286 83156 83370 83428 83464 83488 85384 85444 85459 85494 86409 86575 88616 88831 88841 90983
nsga2,178_r1e-04,17,9,300,6,45162283.157319,709933.931152,1.000000,0.000000,75058 75141 79190 80225 81303 82262 82286 82419 83156 83370 83428 83464 83488 85384 85444 85459 85494 86409 86575 88616 88831 88841 90983
nsga2,178_r1e-04,17,0,350,7,46463381.573991,782612.948242,0.000000,1.000000,870 1231 1527 13993 17066 76070 81458 82262 82286 83370 83428 83464 83488 85444 85459 85494 86409 86575 88616 88831 90983 131015 184130
nsga2,178_r1e-04,17,1,350,7,45341819.291810,739062.176758,0.111111,0.888889,1709 13993 17066 76070 79190 80225 81303 82262 82286 83370 83428 83464 83488 85384 85444 85459 85494 86409 86575 88616 88831 88841 90983
nsga2,178_r1e-04,17,2,350,7,45170557.275774,730061.351074,0.222222,0.777778,1709 75141 76070 79190 80225 81268 81303 82262 82286 83156 83370 83428 83464 83488 85384 85444 85459 85494 86409 86575 88831 88841 90983
nsga2,178_r1e-04,17,3,350,7,45101252.517127,728718.339844,0.333333,0.666667,75058 75141 76070 79190 80225 81268 81303 82262 82286 83156 83370 83428 83464 83488 85384 85444 85459 85494 86409 86575 88831 88841 90983
nsga2,178_r1e-04,17,4,350,7,45073930.559759,720726.636230,0.444444,0.555556,75058 75141 76070 78062 79190 80225 81268 81303 82262 83370 83428 83464 83488 85384 85444 85459 85494 86409 86575 86613 88831 88841 90983
nsga2,178_r1e-04,17,5,350,7,45052695.044112,719061.497559,0.555556,0.444444,75058 75141 76070 79190 80225 81268 81303 82262 83370 83428 83464 83488 85384 85444 85459 85494 86409 86575 86613 88616 88831 88841 90983
nsga2,178_r1e-04,17,6,350,7,45007891.988225,716841.032593,0.666667,0.333333,75058 75141 76070 79190 80225 81303 82262 82286 83370 83428 83464 83488 84351 85384 85444 85459 85494 86409 86575 88616 88831 88841 90983
nsga2,178_r1e-04,17,7,350,7,45007891.988225,716841.032593,0.777778,0.222222,75058 75141 76070 79190 80225 81303 82262 82286 83370 83428 83464 83488 84351 85384 85444 85459 85494 86409 86575 88616 88831 88841 90983
nsga2,178_r1e-04,17,8,350,7,45007891.988225,716841.032593,0.888889,0.111111,75058 75141 76070 79190 80225 81303 82262 82286 83370 83428 83464 83488 84351 85384 85444 85459 85494 86409 86575 88616 88831 88841 90983
nsga2,178_r1e-04,17,9,350,7,45007891.988225,716841.032593,1.000000,0.000000,75058 75141 76070 79190 80225 81303 82262 82286 83370 83428 83464 83488 84351 85384 85444 85459 85494 86409 86575 88616 88831 88841 90983
nsga2,178_r1e-04,17,0,400,8,46463381.573991,782612.948242,0.000000,1.000000,870 1231 1527 13993 17066 76070 81458 82262 82286 83370 83428 83464 83488 85444 85459 85494 86409 86575 88616 88831 90983 131015 184130
nsga2,178_r1e-04,17,1,400,8,45262616.092447,744074.438477,0.111111,0.888889,75058 75141 76070 79137 79190 81303 81458 82193 82262 82264 82286 83156 83370 83428 83464 83488 85444 85459 85494 86575 88616 88831 90983
nsga2,178_r1e-04,17,2,400,8,45077559.166680,731182.305664,0.222222,0.777778,1709 75141 76070 79190 80225 81158 81268 81303 82262 83370 83428 83464 83488 84307 85444 85459 85494 86409 86575 86613 88616 88831 88841
nsga2,178_r1e-04,17,3,400,8,45008254.408034,729839.294434,0.333333,0.666667,75058 75141 76070 79190 80225 81158 81268 81303 82262 83370 83428 83464 83488 84307 85444 85459 85494 86409 86575 86613 88616 88831 88841
nsga2,178_r1e-04,17,4,400,8,44994187.831411,727860.337891,0.444444,0.555556,75058 75141 76070 79190 80225 81268 81303 82262 83370 83428 83464 83488 84307 85384 85444 85459 85494 86409 86575 86613 88616 88831 88841
nsga2,178_r1e-04,17,5,400,8,44931373.083183,719270.742188,0.555556,0.444444,75058 76070 79190 80225 81158 81268 81303 82262 82274 83370 83428 83464 83488 84307 85444 85459 85494 86409 86575 86613 88616 88831 88841
nsga2,178_r1e-04,17,6,400,8,44931373.083183,719270.742188,0.666667,0.333333,75058 76070 79190 80225 81158 81268 81303 82262 82274 83370 83428 83464 83488 84307 85444 85459 85494 86409 86575 86613 88616 88831 88841
nsga2,178_r1e-04,17,7,400,8,44931373.083183,719270.742188,0.777778,0.222222,75058 76070 79190 80225 81158 81268 81303 82262 82274 83370 83428 83464 83488 84307 85444 85459 85494 86409 86575 86613 88616 88831 88841
nsga2,178_r1e-04,17,8,400,8,44931373.083183,719270.742188,0.888889,0.111111,75058 76070 79190 80225 81158 81268 81303 82262 82274 83370 83428 83464 83488 84307 85444 85459 85494 86409 86575 86613 88616 88831 88841
nsga2,178_r1e-04,17,9,400,8,44931373.083183,719270.742188,1.000000,0.000000,75058 76070 79190 80225 81158 81268 81303 82262 82274 83370 83428 83464 83488 84307 85444 85459 85494 86409 86575 86613 88616 88831 88841
nsga2,178_r1e-04,17,0,450,9,46418060.692977,782612.948242,0.000000,1.000000,1231 1527 1856 13993 17066 76070 81458 82262 82286 83370 83428 83464 83488 85444 85459 85494 86409 86575 88616 88831 90983 131015 184130
nsga2,178_r1e-04,17,1,450,9,45177420.516144,746365.698975,0.111111,0.888889,1709 75058 76070 78044 79190 80225 81268 81303 82262 83370 83428 83464 83488 84307 85384 85444 85459 85494 86409 86575 86613 88616 88841
nsga2,178_r1e-04,17,2,450,9,45014027.895220,730843.862549,0.222222,0.777778,1709 76070 79166 79190 80225 81158 81268 81303 82262 83370 83428 83488 84307 85444 85459 85494 86409 86575 86613 88616 88831 88841 89886
nsga2,178_r1e-04,17,3,450,9,44879194.533644,719270.742188,0.333333,0.666667,75058 76070 79190 80225 81158 81268 81303 82262 82274 83370 83428 83464 83488 84307 85384 85444 85459 85494 86409 86575 86613 88831 88841
nsga2,178_r1e-04,17,4,450,9,44879194.533644,719270.742188,0.444444,0.555556,75058 76070 79190 80225 81158 81268 81303 82262 82274 83370 83428 83464 83488 84307 85384 85444 85459 85494 86409 86575 86613 88831 88841
nsga2,178_r1e-04,17,5,450,9,44879194.533644,719270.742188,0.555556,0.444444,75058 76070 79190 80225 81158 81268 81303 82262 82274 83370 83428 83464 83488 84307 85384 85444 85459 85494 86409 86575 86613 88831 88841
nsga2,178_r1e-04,17,6,450,9,44879194.533644,719270.742188,0.666667,0.333333,75058 76070 79190 80225 81158 81268 81303 82262 82274 83370 83428 83464 83488 84307 85384 85444 85459 85494 86409 86575 86613 88831 88841
nsga2,178_r1e-04,17,7,450,9,44879194.533644,719270.742188,0.777778,0.222222,75058 76070 79190 80225 81158 81268 81303 82262 82274 83370 83428 83464 83488 84307 85384 85444 85459 85494 86409 86575 86613 88831 88841
nsga2,178_r1e-04,17,8,450,9,44879194.533644,719270.742188,0.888889,0.111111,75058 76070 79190 80225 81158 81268 81303 82262 82274 83370 83428 83464 83488 84307 85384 85444 85459 85494 86409 86575 86613 88831 88841
nsga2,178_r1e-04,17,9,450,9,44879194.533644,719270.742188,1.000000,0.000000,75058 76070 79190 80225 81158 81268 81303 82262 82274 83370 83428 83464 83488 84307 85384 85444 85459 85494 86409 86575 86613 88831 88841
nsga2,178_r1e-04,17,0,500,10,46415519.602231,782612.948242,0.000000,1.000000,1231 1527 1856 13993 17066 76070 81458 82262 82286 83370 83428 83464 83488 85444 85459 85494 86409 86575 88616 88831 90983 131015 179126
nsga2,178_r1e-04,17,1,500,10,45107912.073395,746665.906494,0.111111,0.888889,1709 75058 76070 78044 79166 79190 80225 81268 81303 82262 83370 83428 83464 83488 84307 85384 85444 85459 85494 86409 86575 86613 88831
nsga2,178_r1e-04,17,2,500,10,44963978.689718,730880.002441,0.222222,0.777778,1709 76070 79166 79190 80225 81158 81268 81303 82262 83370 83428 83464 83488 84307 85384 85444 85459 85494 86409 86575 86613 88831 88841
nsga2,178_r1e-04,17,3,500,10,44896151.348671,728367.175903,0.333333,0.666667,1709 76070 79166 79190 80225 81208 81268 82262 82286 83370 83428 83464 83488 84307 85384 85444 85459 85494 86409 86575 86613 88831 88841
nsga2,178_r1e-04,17,4,500,10,44784399.214617,721441.522217,0.444444,0.555556,76070 79166 79190 80225 80276 81158 81268 81303 82262 82286 83428 83464 84307 84533 85384 85444 85459 85494 86409 86575 86613 88831 88841
nsga2,178_r1e-04,17,5,500,10,44784399.214617,721441.522217,0.555556,0.444444,76070 79166 79190 80225 80276 81158 81268 81303 82262 82286 83428 83464 84307 84533 85384 85444 85459 85494 86409 86575 86613 88831 88841
nsga2,178_r1e-04,17,6,500,10,44784399.214617,721441.522217,0.666667,0.333333,76070 79166 79190 80225 80276 81158 81268 81303 82262 82286 83428 83464 84307 84533 85384 85444 85459 85494 86409 86575 86613 88831 88841
nsga2,178_r1e-04,17,7,500,10,44784399.214617,721441.522217,0.777778,0.222222,76070 79166 79190 80225 80276 81158 81268 81303 82262 82286 83428 83464 84307 84533 85384 85444 85459 85494 86409 86575 86613 88831 88841
nsga2,178_r1e-04,17,8,500,10,44784399.214617,721441.522217,0.888889,0.111111,76070 79166 79190 80225 80276 81158 81268 81303 82262 82286 83428 83464 84307 84533 85384 85444 85459 85494 86409 86575 86613 88831 88841
nsga2,178_r1e-04,17,9,500,10,44784399.214617,721441.522217,1.000000,0.000000,76070 79166 79190 80225 80276 81158 81268 81303 82262 82286 83428 83464 84307 84533 85384 85444 85459 85494 86409 86575 86613 88831 88841
nsga2,178_r1e-04,17,0,550,11,46022753.908488,782612.948242,0.000000,1.000000,625 1231 1527 1856 17066 76070 81458 82262 82286 83370 83428 83464 83488 84307 84563 85384 85444 85459 85494 86409 86575 86613 88831
nsga2,178_r1e-04,17,1,550,11,45044271.856002,740258.184326,0.111111,0.888889,16540 76070 79166 79190 80079 80225 81268 81303 82262 82286 83428 83464 83488 84307 84563 85384 85444 85459 85494 86409 86575 86613 88831
nsga2,178_r1e-04,17,2,550,11,44811811.045207,730359.159424,0.222222,0.777778,76070 79166 79190 80225 81158 81268 81303 82262 82286 83370 83428 83464 83488 84307 84563 85384 85444 85459 85494 86409 86575 86613 88831
nsga2,178_r1e-04,17,3,550,11,44811811.045207,730359.159424,0.333333,0.666667,76070 79166 79190 80225 81158 81268 81303 82262 82286 83370 83428 83464 83488 84307 84563 85384 85444 85459 85494 86409 86575 86613 88831
nsga2,178_r1e-04,17,4,550,11,44784399.214617,721441.522217,0.444444,0.555556,76070 79166 79190 80225 80276 81158 81268 81303 82262 82286 83428 83464 84307 84533 85384 85444 85459 85494 86409 86575 86613 88831 88841
nsga2,178_r1e-04,17,5,550,11,44751130.308584,711472.539429,0.555556,0.444444,76070 79166 79190 80225 81158 81268 81303 82262 82286 83428 83464 84307 84395 84533 85384 85444 85459 85494 86409 86575 86613 88831 88841
nsga2,178_r1e-04,17,6,550,11,44751130.308584,711472.539429,0.666667,0.333333,76070 79166 79190 80225 81158 81268 81303 82262 82286 83428 83464 84307 84395 84533 85384 85444 85459 85494 86409 86575 86613 88831 88841
nsga2,178_r1e-04,17,7,550,11,44741120.461945,702586.765015,0.777778,0.222222,76070 79166 79190 80225 81158 81268 81303 82262 82286 83393 83428 83464 84307 84395 84533 85384 85444 85459 85494 86409 86613 88831 88841
nsga2,178_r1e-04,17,8,550,11,44721872.730403,700717.599976,0.888889,0.111111,76070 79166 79190 80225 80276 81158 81268 81303 82262 82286 83428 84307 84378 84533 85384 85444 85459 85494 86409 86575 86613 88831 88841
nsga2,178_r1e-04,17,9,550,11,44721872.730403,700717.599976,1.000000,0.000000,76070 79166 79190 80225 80276 81158 81268 81303 82262 82286 83428 84307 84378 84533 85384 85444 85459 85494 86409 86575 86613 88831 88841
nsga2,178_r1e-04,17,0,600,12,46014607.380268,782612.948242,0.000000,1.000000,1231 1527 1856 17066 76070 81458 82262 82286 83370 83428 83464 83488 84307 84563 85384 85444 85459 85494 86409 86575 86613 88831 136767
nsga2,178_r1e-04,17,1,600,12,45044271.856002,740258.184326,0.111111,0.888889,16540 76070 79166 79190 80079 80225 81268 81303 82262 82286 83428 83464 83488 84307 84563 85384 85444 85459 85494 86409 86575 86613 88831
nsga2,178_r1e-04,17,2,600,12,44811811.045207,730359.159424,0.222222,0.777778,76070 79166 79190 80225 81158 81268 81303 82262 82286 83370 83428 83464 83488 84307 84563 85384 85444 85459 85494 86409 86575 86613 88831
nsga2,178_r1e-04,17,3,600,12,44811811.045207,730359.159424,0.333333,0.666667,76070 79166 79190 80225 81158 81268 81303 82262 82286 83370 83428 83464 83488 84307 84563 85384 85444 85459 85494 86409 86575 86613 88831
nsga2,178_r1e-04,17,4,600,12,44784399.214617,721441.522217,0.444444,0.555556,76070 79166 79190 80225 80276 81158 81268 81303 82262 82286 83428 83464 84307 84533 85384 85444 85459 85494 86409 86575 86613 88831 88841
nsga2,178_r1e-04,17,5,600,12,44739252.924696,720096.593140,0.555556,0.444444,76070 79166 79190 80225 81158 81268 81303 82257 82262 82286 83370 83428 83464 83488 84307 84563 85384 85444 85459 85494 86575 86613 88831
nsga2,178_r1e-04,17,6,600,12,44739252.924696,720096.593140,0.666667,0.333333,76070 79166 79190 80225 81158 81268 81303 82257 82262 82286 83370 83428 83464 83488 84307 84563 85384 85444 85459 85494 86575 86613 88831
nsga2,178_r1e-04,17,7,600,12,44712120.101586,702685.827759,0.777778,0.222222,76070 79166 79190 80225 81158 81268 81303 82262 82286 83393 83428 83464 84307 84395 84533 85384 85444 85459 85494 86409 86575 86613 88831
nsga2,178_r1e-04,17,8,600,12,44712120.101586,702685.827759,0.888889,0.111111,76070 79166 79190 80225 81158 81268 81303 82262 82286 83393 83428 83464 84307 84395 84533 85384 85444 85459 85494 86409 86575 86613 88831
nsga2,178_r1e-04,17,9,600,12,44712120.101586,702685.827759,1.000000,0.000000,76070 79166 79190 80225 81158 81268 81303 82262 82286 83393 83428 83464 84307 84395 84533 85384 85444 85459 85494 86409 86575 86613 88831
nsga2,178_r1e-04,17,0,650,13,46014607.380268,782612.948242,0.000000,1.000000,1231 1527 1856 17066 76070 81458 82262 82286 83370 83428 83464 83488 84307 84563 85384 85444 85459 85494 86409 86575 86613 88831 136767
nsga2,178_r1e-04,17,1,650,13,45010429.749812,746339.869873,0.111111,0.888889,16509 75058 76070 79166 79190 80225 81158 81268 81303 82262 82286 83428 83464 84307 84533 84563 85384 85444 85459 85494 86575 86613 88831
nsga2,178_r1e-04,17,2,650,13,44811811.045207,730359.159424,0.222222,0.777778,76070 79166 79190 80225 81158 81268 81303 82262 82286 83370 83428 83464 83488 84307 84563 85384 85444 85459 85494 86409 86575 86613 88831
nsga2,178_r1e-04,17,3,650,13,44811811.045207,730359.159424,0.333333,0.666667,76070 79166 79190 80225 81158 81268 81303 82262 82286 83370 83428 83464 83488 84307 84563 85384 85444 85459 85494 86409 86575 86613 88831
nsga2,178_r1e-04,17,4,650,13,44739252.924696,720096.593140,0.444444,0.555556,76070 79166 79190 80225 81158 81268 81303 82257 82262 82286 83370 83428 83464 83488 84307 84563 85384 85444 85459 85494 86575 86613 88831
nsga2,178_r1e-04,17,5,650,13,44739252.924696,720096.593140,0.555556,0.444444,76070 79166 79190 80225 81158 81268 81303 82257 82262 82286 83370 83428 83464 83488 84307 84563 85384 85444 85459 85494 86575 86613 88831
nsga2,178_r1e-04,17,6,650,13,44690041.035198,706572.623962,0.666667,0.333333,76070 79166 79190 80225 81158 81268 81303 82262 82286 83344 83428 83464 84307 84395 84533 85384 85444 85459 85494 86409 86575 86613 88831
nsga2,178_r1e-04,17,7,650,13,44690041.035198,706572.623962,0.777778,0.222222,76070 79166 79190 80225 81158 81268 81303 82262 82286 83344 83428 83464 84307 84395 84533 85384 85444 85459 85494 86409 86575 86613 88831
nsga2,178_r1e-04,17,8,650,13,44690041.035198,706572.623962,0.888889,0.111111,76070 79166 79190 80225 81158 81268 81303 82262 82286 83344 83428 83464 84307 84395 84533 85384 85444 85459 85494 86409 86575 86613 88831
nsga2,178_r1e-04,17,9,650,13,44690041.035198,706572.623962,1.000000,0.000000,76070 79166 79190 80225 81158 81268 81303 82262 82286 83344 83428 83464 84307 84395 84533 85384 85444 85459 85494 86409 86575 86613 88831
nsga2,178_r1e-04,17,0,700,14,45982745.564065,782612.948242,0.000000,1.000000,1231 1527 1856 17066 76070 81458 82262 82286 83370 83428 83464 83488 84307 84563 85223 85384 85444 85459 85494 86409 86575 86613 88831
nsga2,178_r1e-04,17,1,700,14,44957933.203416,746339.869873,0.111111,0.888889,75058 76070 78044 79166 79190 80225 81158 81268 81303 82262 82286 83428 83464 84307 84533 84563 85384 85444 85459 85494 86575 86613 88831
nsga2,178_r1e-04,17,2,700,14,44870238.972019,737227.426270,0.222222,0.777778,75058 76070 79166 79190 80225 80276 81158 81268 81303 82262 82286 83428 83464 84307 84533 84563 85384 85444 85459 85494 86575 86613 88831
nsga2,178_r1e-04,17,3,700,14,44811811.045207,730359.159424,0.333333,0.666667,76070 79166 79190 80225 81158 81268 81303 82262 82286 83370 83428 83464 83488 84307 84563 85384 85444 85459 85494 86409 86575 86613 88831
nsga2,178_r1e-04,17,4,700,14,44739252.924696,720096.593140,0.444444,0.555556,76070 79166 79190 80225 81158 81268 81303 82257 82262 82286 83370 83428 83464 83488 84307 84563 85384 85444 85459 85494 86575 86613 88831
nsga2,178_r1e-04,17,5,700,14,44739252.924696,720096.593140,0.555556,0.444444,76070 79166 79190 80225 81158 81268 81303 82257 82262 82286 83370 83428 83464 83488 84307 84563 85384 85444 85459 85494 86575 86613 88831
nsga2,178_r1e-04,17,6,700,14,44690041.035198,706572.623962,0.666667,0.333333,76070 79166 79190 80225 81158 81268 81303 82262 82286 83344 83428 83464 84307 84395 84533 85384 85444 85459 85494 86409 86575 86613 88831
nsga2,178_r1e-04,17,7,700,14,44690041.035198,706572.623962,0.777778,0.222222,76070 79166 79190 80225 81158 81268 81303 82262 82286 83344 83428 83464 84307 84395 84533 85384 85444 85459 85494 86409 86575 86613 88831
nsga2,178_r1e-04,17,8,700,14,44690041.035198,706572.623962,0.888889,0.111111,76070 79166 79190 80225 81158 81268 81303 82262 82286 83344 83428 83464 84307 84395 84533 85384 85444 85459 85494 86409 86575 86613 88831
nsga2,178_r1e-04,17,9,700,14,44690041.035198,706572.623962,1.000000,0.000000,76070 79166 79190 80225 81158 81268 81303 82262 82286 83344 83428 83464 84307 84395 84533 85384 85444 85459 85494 86409 86575 86613 88831
nsga2,178_r1e-04,17,0,750,15,45982745.564065,782612.948242,0.000000,1.000000,1231 1527 1856 17066 76070 81458 82262 82286 83370 83428 83464 83488 84307 84563 85223 85384 85444 85459 85494 86409 86575 86613 88831
nsga2,178_r1e-04,17,1,750,15,44957933.203416,746339.869873,0.111111,0.888889,75058 76070 78044 79166 79190 80225 81158 81268 81303 82262 82286 83428 83464 84307 84533 84563 85384 85444 85459 85494 86575 86613 88831
nsga2,178_r1e-04,17,2,750,15,44792793.650890,729723.576660,0.222222,0.777778,76070 79166 79190 80225 80276 81158 81268 81303 82262 82286 82366 83428 83464 84307 84533 84563 85384 85444 85459 85494 86575 86613 88831
nsga2,178_r1e-04,17,3,750,15,44739252.924696,720096.593140,0.333333,0.666667,76070 79166 79190 80225 81158 81268 81303 82257 82262 82286 83370 83428 83464 83488 84307 84563 85384 85444 85459 85494 86575 86613 88831
nsga2,178_r1e-04,17,4,750,15,44707642.316159,711453.953491,0.444444,0.555556,76070 79166 79190 80225 81158 81268 81303 82257 82262 82286 83370 83428 83464 83488 84307 85384 85444 85459 85494 86409 86575 86613 88831
nsga2,178_r1e-04,17,5,750,15,44652566.669299,700994.624939,0.555556,0.444444,76070 79166 79190 80225 81268 81303 82262 82286 82296 83344 83428 83464 84307 84395 84533 85384 85444 85459 85494 86409 86575 86613 88831
nsga2,178_r1e-04,17,6,750,15,44652566.669299,700994.624939,0.666667,0.333333,76070 79166 79190 80225 81268 81303 82262 82286 82296 83344 83428 83464 84307 84395 84533 85384 85444 85459 85494 86409 86575 86613 88831
nsga2,178_r1e-04,17,7,750,15,44623445.885676,689505.010315,0.777778,0.222222,76070 79166 79190 80225 81268 81303 82262 82286 82296 83344 83464 84307 84395 84533 85384 85444 85458 85459 85494 86409 86575 86613 88831
nsga2,178_r1e-04,17,8,750,15,44623445.885676,689505.010315,0.888889,0.111111,76070 79166 79190 80225 81268 81303 82262 82286 82296 83344 83464 84307 84395 84533 85384 85444 85458 85459 85494 86409 86575 86613 88831
nsga2,178_r1e-04,17,9,750,15,44623445.885676,689505.010315,1.000000,0.000000,76070 79166 79190 80225 81268 81303 82262 82286 82296 83344 83464 84307 84395 84533 85384 85444 85458 85459 85494 86409 86575 86613 88831
nsga2,178_r1e-04,17,0,800,16,45982745.564065,782612.948242,0.000000,1.000000,1231 1527 1856 17066 76070 81458 82262 82286 83370 83428 83464 83488 84307 84563 85223 85384 85444 85459 85494 86409 86575 86613 88831
nsga2,178_r1e-04,17,1,800,16,44938499.237293,740671.270264,0.111111,0.888889,16042 76070 79166 79190 80105 80225 81158 81268 81303 82262 82286 83428 83464 84307 84533 84563 85384 85444 85459 85494 86575 86613 88831
nsga2,178_r1e-04,17,2,800,16,44792793.650890,729723.576660,0.222222,0.777778,76070 79166 79190 80225 80276 81158 81268 81303 82262 82286 82366 83428 83464 84307 84533 84563 85384 85444 85459 85494 86575 86613 88831
nsga2,178_r1e-04,17,3,800,16,44739252.924696,720096.593140,0.333333,0.666667,76070 79166 79190 80225 81158 81268 81303 82257 82262 82286 83370 83428 83464 83488 84307 84563 85384 85444 85459 85494 86575 86613 88831
nsga2,178_r1e-04,17,4,800,16,44707642.316159,711453.953491,0.444444,0.555556,76070 79166 79190 80225 81158 81268 81303 82257 82262 82286 83370 83428 83464 83488 84307 85384 85444 85459 85494 86409 86575 86613 88831
nsga2,178_r1e-04,17,5,800,16,44652566.669299,700994.624939,0.555556,0.444444,76070 79166 79190 80225 81268 81303 82262 82286 82296 83344 83428 83464 84307 84395 84533 85384 85444 85459 85494 86409 86575 86613 88831
nsga2,178_r1e-04,17,6,800,16,44652566.669299,700994.624939,0.666667,0.333333,76070 79166 79190 80225 81268 81303 82262 82286 82296 83344 83428 83464 84307 84395 84533 85384 85444 85459 85494 86409 86575 86613 88831
nsga2,178_r1e-04,17,7,800,16,44623445.885676,689505.010315,0.777778,0.222222,76070 79166 79190 80225 81268 81303 82262 82286 82296 83344 83464 84307 84395 84533 85384 85444 85458 85459 85494 86409 86575 86613 88831
nsga2,178_r1e-04,17,8,800,16,44623445.885676,689505.010315,0.888889,0.111111,76070 79166 79190 80225 81268 81303 82262 82286 82296 83344 83464 84307 84395 84533 85384 85444 85458 85459 85494 86409 86575 86613 88831
nsga2,178_r1e-04,17,9,800,16,44623445.885676,689505.010315,1.000000,0.000000,76070 79166 79190 80225 81268 81303 82262 82286 82296 83344 83464 84307 84395 84533 85384 85444 85458 85459 85494 86409 86575 86613 88831
nsga2,178_r1e-04,17,0,850,17,45982745.564065,782612.948242,0.000000,1.000000,1231 1527 1856 17066 76070 81458 82262 82286 83370 83428 83464 83488 84307 84563 85223 85384 85444 85459 85494 86409 86575 86613 88831
nsga2,178_r1e-04,17,1,850,17,44917620.704103,742007.941406,0.111111,0.888889,76070 78044 78151 79166 79190 80105 81158 81211 81268 81303 82262 82286 83428 83464 84307 84533 84563 85384 85459 85494 86575 86613 88831
nsga2,178_r1e-04,17,2,850,17,44768868.928602,729202.480225,0.222222,0.777778,76070 79166 79190 80225 80276 81158 81211 81268 81303 82262 82286 82366 83428 83464 84307 84533 84563 85444 85459 85494 86575 86613 88831
nsga2,178_r1e-04,17,3,850,17,44728034.230298,720187.609741,0.333333,0.666667,76070 79166 79190 80225 81158 81177 81268 81303 82257 82262 82286 83428 83464 84307 84533 84563 85384 85444 85459 85494 86575 86613 88831
nsga2,178_r1e-04,17,4,850,17,44680205.027143,706387.234314,0.444444,0.555556,76070 79166 79190 80225 81158 81268 81303 82262 82286 83339 83344 83404 83428 84307 84533 84563 85384 85444 85459 85494 86575 86613 88831
nsga2,178_r1e-04,17,5,850,17,44652566.669299,700994.624939,0.555556,0.444444,76070 79166 79190 80225 81268 81303 82262 82286 82296 83344 83428 83464 84307 84395 84533 85384 85444 85459 85494 86409 86575 86613 88831
nsga2,178_r1e-04,17,6,850,17,44633181.422639,689603.544617,0.666667,0.333333,79166 79190 80225 81158 81268 81303 82262 82286 83344 83428 83464 84307 84395 84533 85373 85384 85444 85459 85494 86409 86575 86613 88831
nsga2,178_r1e-04,17,7,850,17,44618051.155789,689412.575867,0.777778,0.222222,79166 79190 80225 81158 81189 81268 81303 82262 82286 83344 83428 83464 84395 84533 85373 85384 85444 85459 85494 86409 86575 86613 88831
nsga2,178_r1e-04,17,8,850,17,44593662.824290,678679.059448,0.888889,0.111111,79166 79190 80225 81268 81303 82262 82286 82289 83344 83428 83464 84307 84395 84533 85373 85384 85444 85459 85494 86409 86575 86613 88831
nsga2,178_r1e-04,17,9,850,17,44593662.824290,678679.059448,1.000000,0.000000,79166 79190 80225 81268 81303 82262 82286 82289 83344 83428 83464 84307 84395 84533 85373 85384 85444 85459 85494 86409 86575 86613 88831
nsga2,178_r1e-04,17,0,900,18,45982745.564065,782612.948242,0.000000,1.000000,1231 1527 1856 17066 76070 81458 82262 82286 83370 83428 83464 83488 84307 84563 85223 85384 85444 85459 85494 86409 86575 86613 88831
nsga2,178_r1e-04,17,1,900,18,44913751.412786,745691.142822,0.111111,0.888889,76070 78044 78151 79118 79166 79190 80105 80225 81267 81303 82262 82286 83428 83464 84307 84533 84563 85444 85459 85494 86575 86613 88831
nsga2,178_r1e-04,17,2,900,18,44768868.928602,729202.480225,0.222222,0.777778,76070 79166 79190 80225 80276 81158 81211 81268 81303 82262 82286 82366 83428 83464 84307 84533 84563 85444 85459 85494 86575 86613 88831
nsga2,178_r1e-04,17,3,900,18,44728034.230298,720187.609741,0.333333,0.666667,76070 79166 79190 80225 81158 81177 81268 81303 82257 82262 82286 83428 83464 84307 84533 84563 85384 85444 85459 85494 86575 86613 88831
nsga2,178_r1e-04,17,4,900,18,44680205.027143,706387.234314,0.444444,0.555556,76070 79166 79190 80225 81158 81268 81303 82262 82286 83339 83344 83404 83428 84307 84533 84563 85384 85444 85459 85494 86575 86613 88831
nsga2,178_r1e-04,17,5,900,18,44637745.384807,706135.052490,0.555556,0.444444,79166 79190 80225 81158 81189 81267 81268 81303 82262 82286 83344 83428 83464 84307 84395 84533 84563 85384 85459 85494 86575 86613 88831
nsga2,178_r1e-04,17,6,900,18,44637745.384807,706135.052490,0.666667,0.333333,79166 79190 80225 81158 81189 81267 81268 81303 82262 82286 83344 83428 83464 84307 84395 84533 84563 85384 85459 85494 86575 86613 88831
nsga2,178_r1e-04,17,7,900,18,44618051.155789,689412.575867,0.777778,0.222222,79166 79190 80225 81158 81189 81268 81303 82262 82286 83344 83428 83464 84395 84533 85373 85384 85444 85459 85494 86409 86575 86613 88831
nsga2,178_r1e-04,17,8,900,18,44593662.824290,678679.059448,0.888889,0.111111,79166 79190 80225 81268 81303 82262 82286 82289 83344 83428 83464 84307 84395 84533 85373 85384 85444 85459 85494 86409 86575 86613 88831
nsga2,178_r1e-04,17,9,900,18,44593662.824290,678679.059448,1.000000,0.000000,79166 79190 80225 81268 81303 82262 82286 82289 83344 83428 83464 84307 84395 84533 85373 85384 85444 85459 85494 86409 86575 86613 88831
nsga2,178_r1e-04,17,0,950,19,45982745.564065,782612.948242,0.000000,1.000000,1231 1527 1856 17066 76070 81458 82262 82286 83370 83428 83464 83488 84307 84563 85223 85384 85444 85459 85494 86409 86575 86613 88831
nsga2,178_r1e-04,17,1,950,19,44913751.412786,745691.142822,0.111111,0.888889,76070 78044 78151 79118 79166 79190 80105 80225 81267 81303 82262 82286 83428 83464 84307 84533 84563 85444 85459 85494 86575 86613 88831
nsga2,178_r1e-04,17,2,950,19,44768868.928602,729202.480225,0.222222,0.777778,76070 79166 79190 80225 80276 81158 81211 81268 81303 82262 82286 82366 83428 83464 84307 84533 84563 85444 85459 85494 86575 86613 88831
nsga2,178_r1e-04,17,3,950,19,44698600.681385,719508.500000,0.333333,0.666667,79166 79190 80225 81158 81189 81267 81268 81303 81338 82262 82286 83428 83464 84307 84533 84563 85384 85444 85459 85494 86575 86613 88831
nsga2,178_r1e-04,17,4,950,19,44680205.027143,706387.234314,0.444444,0.555556,76070 79166 79190 80225 81158 81268 81303 82262 82286 83339 83344 83404 83428 84307 84533 84563 85384 85444 85459 85494 86575 86613 88831
nsga2,178_r1e-04,17,5,950,19,44637745.384807,706135.052490,0.555556,0.444444,79166 79190 80225 81158 81189 81267 81268 81303 82262 82286 83344 83428 83464 84307 84395 84533 84563 85384 85459 85494 86575 86613 88831
nsga2,178_r1e-04,17,6,950,19,44618051.155789,689412.575867,0.666667,0.333333,79166 79190 80225 81158 81189 81268 81303 82262 82286 83344 83428 83464 84395 84533 85373 85384 85444 85459 85494 86409 86575 86613 88831
nsga2,178_r1e-04,17,7,950,19,44612558.310999,687732.884216,0.777778,0.222222,79166 79190 80225 80302 81158 81189 81268 81303 82262 82286 83344 83428 83464 84395 84533 85373 85384 85444 85459 85494 86575 86613 88831
nsga2,178_r1e-04,17,8,950,19,44593662.824290,678679.059448,0.888889,0.111111,79166 79190 80225 81268 81303 82262 82286 82289 83344 83428 83464 84307 84395 84533 85373 85384 85444 85459 85494 86409 86575 86613 88831
nsga2,178_r1e-04,17,9,950,19,44593662.824290,678679.059448,1.000000,0.000000,79166 79190 80225 81268 81303 82262 82286 82289 83344 83428 83464 84307 84395 84533 85373 85384 85444 85459 85494 86409 86575 86613 88831
nsga2,178_r1e-04,17,0,1000,20,45982745.564065,782612.948242,0.000000,1.000000,1231 1527 1856 17066 76070 81458 82262 82286 83370 83428 83464 83488 84307 84563 85223 85384 85444 85459 85494 86409 86575 86613 88831
nsga2,178_r1e-04,17,1,1000,20,44898600.059699,744072.179199,0.111111,0.888889,76070 78044 79166 79190 80105 80225 81158 81267 81268 81303 82262 82286 83428 83464 84307 84533 84563 85444 85459 85494 86575 86613 88831
nsga2,178_r1e-04,17,2,1000,20,44768868.928602,729202.480225,0.222222,0.777778,76070 79166 79190 80225 80276 81158 81211 81268 81303 82262 82286 82366 83428 83464 84307 84533 84563 85444 85459 85494 86575 86613 88831
nsga2,178_r1e-04,17,3,1000,20,44698600.681385,719508.500000,0.333333,0.666667,79166 79190 80225 81158 81189 81267 81268 81303 81338 82262 82286 83428 83464 84307 84533 84563 85384 85444 85459 85494 86575 86613 88831
nsga2,178_r1e-04,17,4,1000,20,44680205.027143,706387.234314,0.444444,0.555556,76070 79166 79190 80225 81158 81268 81303 82262 82286 83339 83344 83404 83428 84307 84533 84563 85384 85444 85459 85494 86575 86613 88831
nsga2,178_r1e-04,17,5,1000,20,44637745.384807,706135.052490,0.555556,0.444444,79166 79190 80225 81158 81189 81267 81268 81303 82262 82286 83344 83428 83464 84307 84395 84533 84563 85384 85459 85494 86575 86613 88831
nsga2,178_r1e-04,17,6,1000,20,44626127.780837,695192.029541,0.666667,0.333333,79166 79190 80225 81158 81189 81267 81268 82262 82286 83260 83344 83428 83464 84307 84395 84533 84563 85384 85459 85494 86575 86613 88831
nsga2,178_r1e-04,17,7,1000,20,44612558.310999,687732.884216,0.777778,0.222222,79166 79190 80225 80302 81158 81189 81268 81303 82262 82286 83344 83428 83464 84395 84533 85373 85384 85444 85459 85494 86575 86613 88831
nsga2,178_r1e-04,17,8,1000,20,44593662.824290,678679.059448,0.888889,0.111111,79166 79190 80225 81268 81303 82262 82286 82289 83344 83428 83464 84307 84395 84533 85373 85384 85444 85459 85494 86409 86575 86613 88831
nsga2,178_r1e-04,17,9,1000,20,44584887.564338,676262.279663,1.000000,0.000000,79190 80203 80225 81268 81303 82262 82286 82289 83344 83428 83464 84307 84395 84533 85373 85384 85444 85459 85494 86409 86575 86613 88831
nsga2,178_r1e-04,17,0,1050,21,45982745.564065,782612.948242,0.000000,1.000000,1231 1527 1856 17066 76070 81458 82262 82286 83370 83428 83464 83488 84307 84563 85223 85384 85444 85459 85494 86409 86575 86613 88831
nsga2,178_r1e-04,17,1,1050,21,44870753.397102,739092.815674,0.111111,0.888889,76070 78044 79166 79190 80225 80276 81158 81177 81268 82262 82286 83428 83464 84307 84533 84563 85384 85444 85459 85494 86575 86613 88831
nsga2,178_r1e-04,17,2,1050,21,44720868.536418,723483.860229,0.222222,0.777778,76070 78151 79157 79166 80105 80225 81158 81267 81268 81303 82262 82286 83428 83464 84307 84533 85444 85459 85494 86482 86575 86613 88831
nsga2,178_r1e-04,17,3,1050,21,44662145.591869,708134.869568,0.333333,0.666667,79166 79190 80225 81158 81189 81267 81268 81303 82262 82286 83344 83428 83464 83488 84307 84563 85384 85444 85459 85494 86575 86613 88831
nsga2,178_r1e-04,17,4,1050,21,44634552.076021,705853.511719,0.444444,0.555556,79166 79190 80225 81158 81189 81267 81268 81303 82262 82286 83344 83428 83464 84307 84395 84533 84563 85391 85459 85494 86575 86613 88831
nsga2,178_r1e-04,17,5,1050,21,44607485.261860,686940.176758,0.555556,0.444444,79166 79190 80225 81158 81189 81267 81268 82262 82286 83260 83344 83428 84307 84395 84533 84563 85384 85459 85494 86575 86613 87718 88831
nsga2,178_r1e-04,17,6,1050,21,44584887.564338,676262.279663,0.666667,0.333333,79190 80203 80225 81268 81303 82262 82286 82289 83344 83428 83464 84307 84395 84533 85373 85384 85444 85459 85494 86409 86575 86613 88831
nsga2,178_r1e-04,17,7,1050,21,44539323.987217,667802.852295,0.777778,0.222222,79166 79190 80225 81268 81303 82220 82262 82286 82289 83344 83428 84307 84395 84533 85373 85384 85444 85459 85494 86409 86575 86613 88831
nsga2,178_r1e-04,17,8,1050,21,44539323.987217,667802.852295,0.888889,0.111111,79166 79190 80225 81268 81303 82220 82262 82286 82289 83344 83428 84307 84395 84533 85373 85384 85444 85459 85494 86409 86575 86613 88831
nsga2,178_r1e-04,17,9,1050,21,44531912.146192,658308.885376,1.000000,0.000000,79166 79190 80216 80225 81268 81303 82262 82286 82289 83344 83428 84307 84395 84533 85373 85384 85444 85459 85494 86409 86575 86613 88831
nsga2,178_r1e-04,17,0,1100,22,45982745.564065,782612.948242,0.000000,1.000000,1231 1527 1856 17066 76070 81458 82262 82286 83370 83428 83464 83488 84307 84563 85223 85384 85444 85459 85494 86409 86575 86613 88831
nsga2,178_r1e-04,17,1,1100,22,44870753.397102,739092.815674,0.111111,0.888889,76070 78044 79166 79190 80225 80276 81158 81177 81268 82262 82286 83428 83464 84307 84533 84563 85384 85444 85459 85494 86575 86613 88831
nsga2,178_r1e-04,17,2,1100,22,44732349.838278,725980.489014,0.222222,0.777778,76070 79166 79190 80212 80225 80276 81158 81211 81268 81303 82262 82286 83428 83464 84307 84533 84563 85444 85459 85494 86575 86613 88831
nsga2,178_r1e-04,17,3,1100,22,44674675.959098,718987.403564,0.333333,0.666667,79166 79190 80225 81158 81189 81211 81267 81268 81303 81338 82262 82286 83428 83464 84307 84533 84563 85444 85459 85494 86575 86613 88831
nsga2,178_r1e-04,17,4,1100,22,44631012.988514,708677.306519,0.444444,0.555556,79166 79190 80225 81158 81189 81211 81267 81268 81303 82262 82286 83344 83428 83464 84307 84533 84563 85384 85459 85494 86575 86613 88831
nsga2,178_r1e-04,17,5,1100,22,44581727.304361,688580.372009,0.555556,0.444444,79166 79190 80225 81158 81189 81267 81268 82262 82286 83260 83344 83381 83428 83464 84307 84563 85384 85444 85459 85494 86575 86613 88831
nsga2,178_r1e-04,17,6,1100,22,44581727.304361,688580.372009,0.666667,0.333333,79166 79190 80225 81158 81189 81267 81268 82262 82286 83260 83344 83381 83428 83464 84307 84563 85384 85444 85459 85494 86575 86613 88831
nsga2,178_r1e-04,17,7,1100,22,44563249.991364,667921.841431,0.777778,0.222222,78158 79166 79190 80225 81268 81303 82220 82262 82286 82289 83344 83428 84307 84395 84533 84563 85384 85444 85459 85494 86575 86613 88831
nsga2,178_r1e-04,17,8,1100,22,44539323.987217,667802.852295,0.888889,0.111111,79166 79190 80225 81268 81303 82220 82262 82286 82289 83344 83428 84307 84395 84533 85373 85384 85444 85459 85494 86409 86575 86613 88831
nsga2,178_r1e-04,17,9,1100,22,44531912.146192,658308.885376,1.000000,0.000000,79166 79190 80216 80225 81268 81303 82262 82286 82289 83344 83428 84307 84395 84533 85373 85384 85444 85459 85494 86409 86575 86613 88831
nsga2,178_r1e-04,17,0,1150,23,45982745.564065,782612.948242,0.000000,1.000000,1231 1527 1856 17066 76070 81458 82262 82286 83370 83428 83464 83488 84307 84563 85223 85384 85444 85459 85494 86409 86575 86613 88831
nsga2,178_r1e-04,17,1,1150,23,44870753.397102,739092.815674,0.111111,0.888889,76070 78044 79166 79190 80225 80276 81158 81177 81268 82262 82286 83428 83464 84307 84533 84563 85384 85444 85459 85494 86575 86613 88831
nsga2,178_r1e-04,17,2,1150,23,44716631.243610,724979.732300,0.222222,0.777778,76070 78151 79166 79190 80105 80225 81158 81267 81268 81303 82262 82286 83428 83464 84307 84533 85384 85444 85459 85494 86575 86613 88831
nsga2,178_r1e-04,17,3,1150,23,44661125.985731,719714.968750,0.333333,0.666667,79166 79190 80225 81158 81177 81189 81267 81268 81303 81338 82262 82286 82320 83428 84307 84533 84563 85384 85459 85494 86613 87713 88831
nsga2,178_r1e-04,17,4,1150,23,44631012.988514,708677.306519,0.444444,0.555556,79166 79190 80225 81158 81189 81211 81267 81268 81303 82262 82286 83344 83428 83464 84307 84533 84563 85384 85459 85494 86575 86613 88831
nsga2,178_r1e-04,17,5,1150,23,44581727.304361,688580.372009,0.555556,0.444444,79166 79190 80225 81158 81189 81267 81268 82262 82286 83260 83344 83381 83428 83464 84307 84563 85384 85444 85459 85494 86575 86613 88831
nsga2,178_r1e-04,17,6,1150,23,44581727.304361,688580.372009,0.666667,0.333333,79166 79190 80225 81158 81189 81267 81268 82262 82286 83260 83344 83381 83428 83464 84307 84563 85384 85444 85459 85494 86575 86613 88831
nsga2,178_r1e-04,17,7,1150,23,44539323.987217,667802.852295,0.777778,0.222222,79166 79190 80225 81268 81303 82220 82262 82286 82289 83344 83428 84307 84395 84533 85373 85384 85444 85459 85494 86409 86575 86613 88831
nsga2,178_r1e-04,17,8,1150,23,44539323.987217,667802.852295,0.888889,0.111111,79166 79190 80225 81268 81303 82220 82262 82286 82289 83344 83428 84307 84395 84533 85373 85384 85444 85459 85494 86409 86575 86613 88831
nsga2,178_r1e-04,17,9,1150,23,44527841.663164,656940.067108,1.000000,0.000000,79166 79190 80216 80225 81268 81277 81303 82262 82286 82289 83344 83428 84307 84395 84533 85373 85384 85444 85494 86409 86575 86613 88831
nsga2,178_r1e-04,17,0,1200,24,45982745.564065,782612.948242,0.000000,1.000000,1231 1527 1856 17066 76070 81458 82262 82286 83370 83428 83464 83488 84307 84563 85223 85384 85444 85459 85494 86409 86575 86613 88831
nsga2,178_r1e-04,17,1,1200,24,44818957.146941,737409.543213,0.111111,0.888889,76070 79118 79166 79190 80105 80225 81158 81267 81268 81303 82262 82286 83428 83464 84307 84533 84563 85384 85459 85494 86575 86613 88831
nsga2,178_r1e-04,17,2,1200,24,44661125.985731,719714.968750,0.222222,0.777778,79166 79190 80225 81158 81177 81189 81267 81268 81303 81338 82262 82286 82320 83428 84307 84533 84563 85384 85459 85494 86613 87713 88831
nsga2,178_r1e-04,17,3,1200,24,44620557.892961,707613.773132,0.333333,0.666667,79166 79190 80225 81158 81189 81211 81267 81268 81303 82262 82286 83344 83428 83464 84307 84533 84563 85444 85459 85494 86575 86613 88831
nsga2,178_r1e-04,17,4,1200,24,44581727.304361,688580.372009,0.444444,0.555556,79166 79190 80225 81158 81189 81267 81268 82262 82286 83260 83344 83381 83428 83464 84307 84563 85384 85444 85459 85494 86575 86613 88831
nsga2,178_r1e-04,17,5,1200,24,44563249.991364,667921.841431,0.555556,0.444444,78158 79166 79190 80225 81268 81303 82220 82262 82286 82289 83344 83428 84307 84395 84533 84563 85384 85444 85459 85494 86575 86613 88831
nsga2,178_r1e-04,17,6,1200,24,44536503.333915,659856.614868,0.666667,0.333333,78158 79166 79190 80225 81268 81303 82220 82262 82286 82289 83344 83428 84395 84533 85373 85384 85444 85459 85494 86409 86575 86613 88831
nsga2,178_r1e-04,17,7,1200,24,44474962.582930,653298.034744,0.777778,0.222222,79166 79190 80225 81263 81268 81303 82220 82262 82286 82289 83344 83428 84307 84395 84533 85373 85384 85444 85459 85494 86575 86613 88831
nsga2,178_r1e-04,17,8,1200,24,44474962.582930,653298.034744,0.888889,0.111111,79166 79190 80225 81263 81268 81303 82220 82262 82286 82289 83344 83428 84307 84395 84533 85373 85384 85444 85459 85494 86575 86613 88831
nsga2,178_r1e-04,17,9,1200,24,44474962.582930,653298.034744,1.000000,0.000000,79166 79190 80225 81263 81268 81303 82220 82262 82286 82289 83344 83428 84307 84395 84533 85373 85384 85444 85459 85494 86575 86613 88831
nsga2,178_r1e-04,17,0,1250,25,45982745.564065,782612.948242,0.000000,1.000000,1231 1527 1856 17066 76070 81458 82262 82286 83370 83428 83464 83488 84307 84563 85223 85384 85444 85459 85494 86409 86575 86613 88831
nsga2,178_r1e-04,17,1,1250,25,44830308.091821,738049.341064,0.111111,0.888889,76070 79166 79190 80225 80276 81158 81211 81268 81303 82262 82286 83428 83464 84307 84533 84563 85444 85459 85494 86575 86613 88574 88831
nsga2,178_r1e-04,17,2,1250,25,44672176.259932,721434.113281,0.222222,0.777778,76070 79118 79166 79190 80105 80212 80225 81211 81268 81303 82262 82286 83428 83464 84307 84386 84533 85444 85459 85494 86575 86613 88831
nsga2,178_r1e-04,17,3,1250,25,44620557.892961,707613.773132,0.333333,0.666667,79166 79190 80225 81158 81189 81211 81267 81268 81303 82262 82286 83344 83428 83464 84307 84533 84563 85444 85459 85494 86575 86613 88831
nsga2,178_r1e-04,17,4,1250,25,44588017.281479,691546.607910,0.444444,0.555556,79166 79190 80225 81158 81189 81211 81267 81268 81303 81338 82262 82286 82320 83428 84307 84563 85384 85459 85494 85505 86575 86613 88831
nsga2,178_r1e-04,17,5,1250,25,44555739.919704,672412.879517,0.555556,0.444444,79166 79190 80216 80225 80244 81268 81277 81303 82262 82286 82289 83344 83428 84307 84395 84533 85384 85494 86409 86575 86613 88772 88831
nsga2,178_r1e-04,17,6,1250,25,44531003.865501,664450.918823,0.666667,0.333333,79166 79190 80216 80225 80244 81268 81277 81303 82262 82286 82289 83344 83428 84307 84395 84533 85373 85384 85494 86409 86575 86613 88831
nsga2,178_r1e-04,17,7,1250,25,44474962.582930,653298.034744,0.777778,0.222222,79166 79190 80225 81263 81268 81303 82220 82262 82286 82289 83344 83428 84307 84395 84533 85373 85384 85444 85459 85494 86575 86613 88831
nsga2,178_r1e-04,17,8,1250,25,44474962.582930,653298.034744,0.888889,0.111111,79166 79190 80225 81263 81268 81303 82220 82262 82286 82289 83344 83428 84307 84395 84533 85373 85384 85444 85459 85494 86575 86613 88831
nsga2,178_r1e-04,17,9,1250,25,44474962.582930,653298.034744,1.000000,0.000000,79166 79190 80225 81263 81268 81303 82220 82262 82286 82289 83344 83428 84307 84395 84533 85373 85384 85444 85459 85494 86575 86613 88831
nsga2,178_r1e-04,17,0,1300,26,45982745.564065,782612.948242,0.000000,1.000000,1231 1527 1856 17066 76070 81458 82262 82286 83370 83428 83464 83488 84307 84563 85223 85384 85444 85459 85494 86409 86575 86613 88831
nsga2,178_r1e-04,17,1,1300,26,44782312.403023,736722.566162,0.111111,0.888889,79166 79190 80105 80225 81158 81189 81211 81267 81268 81303 82262 82286 83428 83464 84307 84533 84563 85459 85494 86575 86613 88574 88831
nsga2,178_r1e-04,17,2,1300,26,44661125.985731,719714.968750,0.222222,0.777778,79166 79190 80225 81158 81177 81189 81267 81268 81303 81338 82262 82286 82320 83428 84307 84533 84563 85384 85459 85494 86613 87713 88831
nsga2,178_r1e-04,17,3,1300,26,44604422.080953,702863.892273,0.333333,0.666667,76070 79118 79126 79166 80105 80212 80225 81211 81268 81303 82262 82286 82346 83428 84307 84386 85444 85459 85493 85494 86575 86613 88831
nsga2,178_r1e-04,17,4,1300,26,44572792.309855,672713.932373,0.444444,0.555556,79166 79190 80225 81158 81189 81211 81267 81268 81338 82262 82286 82320 83428 84307 84563 85384 85442 85459 85494 85505 86575 86613 88831
nsga2,178_r1e-04,17,5,1300,26,44531003.865501,664450.918823,0.555556,0.444444,79166 79190 80216 80225 80244 81268 81277 81303 82262 82286 82289 83344 83428 84307 84395 84533 85373 85384 85494 86409 86575 86613 88831
nsga2,178_r1e-04,17,6,1300,26,44487750.508095,661984.412109,0.666667,0.333333,79166 79190 80225 81158 81189 81211 81267 81268 81338 82262 82286 82320 83428 84307 85384 85407 85442 85459 85494 85505 86575 86613 88831
nsga2,178_r1e-04,17,7,1300,26,44474962.582930,653298.034744,0.777778,0.222222,79166 79190 80225 81263 81268 81303 82220 82262 82286 82289 83344 83428 84307 84395 84533 85373 85384 85444 85459 85494 86575 86613 88831
nsga2,178_r1e-04,17,8,1300,26,44438781.828850,639217.473259,0.888889,0.111111,79166 79190 80216 80225 80244 81268 81277 81303 82262 82286 82289 82311 83344 83428 84307 84395 84533 85384 85459 85494 86441 86575 86613
nsga2,178_r1e-04,17,9,1300,26,44438781.828850,639217.473259,1.000000,0.000000,79166 79190 80216 80225 80244 81268 81277 81303 82262 82286 82289 82311 83344 83428 84307 84395 84533 85384 85459 85494 86441 86575 86613
nsga2,178_r1e-04,17,0,1350,27,45976675.862535,782612.948242,0.000000,1.000000,918 1231 1527 17066 76070 81458 82262 82286 83370 83428 83464 83488 84307 84563 85223 85384 85444 85459 85494 86409 86575 86613 88831
nsga2,178_r1e-04,17,1,1350,27,44794421.785905,737433.823730,0.111111,0.888889,76070 79118 79166 79190 80105 80225 81267 81268 81303 81338 82262 82286 82320 83428 84307 84533 84563 85384 85459 85494 86613 87713 88831
nsga2,178_r1e-04,17,2,1350,27,44642049.856454,719124.893799,0.222222,0.777778,79166 79190 80225 81158 81189 81211 81267 81268 81303 81338 82262 82286 82320 83428 84307 84533 84563 85384 85459 85494 86613 87713 88831
nsga2,178_r1e-04,17,3,1350,27,44604422.080953,702863.892273,0.333333,0.666667,76070 79118 79126 79166 80105 80212 80225 81211 81268 81303 82262 82286 82346 83428 84307 84386 85444 85459 85493 85494 86575 86613 88831
nsga2,178_r1e-04,17,4,1350,27,44571868.320494,683138.357178,0.444444,0.555556,79166 79190 80225 81158 81189 81211 81267 81268 81303 81338 82262 82286 82320 84533 85373 85384 85444 85459 85494 86409 86575 86613 88831
nsga2,178_r1e-04,17,5,1350,27,44531003.865501,664450.918823,0.555556,0.444444,79166 79190 80216 80225 80244 81268 81277 81303 82262 82286 82289 83344 83428 84307 84395 84533 85373 85384 85494 86409 86575 86613 88831
nsga2,178_r1e-04,17,6,1350,27,44487750.508095,661984.412109,0.666667,0.333333,79166 79190 80225 81158 81189 81211 81267 81268 81338 82262 82286 82320 83428 84307 85384 85407 85442 85459 85494 85505 86575 86613 88831
nsga2,178_r1e-04,17,7,1350,27,44471396.150379,660783.124557,0.777778,0.222222,79166 79190 80216 80225 80244 81268 81277 81303 82262 82286 82289 83344 83428 84307 84395 84533 85384 85459 85493 85494 86575 86613 88831
nsga2,178_r1e-04,17,8,1350,27,44438781.828850,639217.473259,0.888889,0.111111,79166 79190 80216 80225 80244 81268 81277 81303 82262 82286 82289 82311 83344 83428 84307 84395 84533 85384 85459 85494 86441 86575 86613
nsga2,178_r1e-04,17,9,1350,27,44438781.828850,639217.473259,1.000000,0.000000,79166 79190 80216 80225 80244 81268 81277 81303 82262 82286 82289 82311 83344 83428 84307 84395 84533 85384 85459 85494 86441 86575 86613
nsga2,178_r1e-04,17,0,1400,28,45662289.708962,782612.948242,0.000000,1.000000,918 1231 1527 76070 78044 80225 81158 81211 81268 81303 82262 83428 83464 83532 84307 84533 84563 85459 85494 86575 86613 88574 88831
nsga2,178_r1e-04,17,1,1400,28,44794421.785905,737433.823730,0.111111,0.888889,76070 79118 79166 79190 80105 80225 81267 81268 81303 81338 82262 82286 82320 83428 84307 84533 84563 85384 85459 85494 86613 87713 88831
nsga2,178_r1e-04,17,2,1400,28,44642049.856454,719124.893799,0.222222,0.777778,79166 79190 80225 81158 81189 81211 81267 81268 81303 81338 82262 82286 82320 83428 84307 84533 84563 85384 85459 85494 86613 87713 88831
nsga2,178_r1e-04,17,3,1400,28,44604422.080953,702863.892273,0.333333,0.666667,76070 79118 79126 79166 80105 80212 80225 81211 81268 81303 82262 82286 82346 83428 84307 84386 85444 85459 85493 85494 86575 86613 88831
nsga2,178_r1e-04,17,4,1400,28,44570424.757356,682920.297363,0.444444,0.555556,79166 79190 80225 80293 81158 81189 81211 81267 81268 81303 82262 82286 82320 84533 85373 85384 85444 85459 85494 86409 86575 86613 88831
nsga2,178_r1e-04,17,5,1400,28,44521340.975531,667735.322266,0.555556,0.444444,79166 79190 80225 81268 81303 82220 82262 82286 82289 83278 83344 83428 84307 84395 84533 85373 85444 85459 85494 86409 86575 86613 88831
nsga2,178_r1e-04,17,6,1400,28,44483072.925306,662209.911011,0.666667,0.333333,78125 79166 79190 80225 81158 81189 81211 81267 81268 81338 82262 82286 82320 83428 84307 85384 85407 85442 85459 85494 85505 86613 88831
nsga2,178_r1e-04,17,7,1400,28,44471396.150379,660783.124557,0.777778,0.222222,79166 79190 80216 80225 80244 81268 81277 81303 82262 82286 82289 83344 83428 84307 84395 84533 85384 85459 85493 85494 86575 86613 88831
nsga2,178_r1e-04,17,8,1400,28,44454430.177385,641472.233955,0.888889,0.111111,79166 79190 80216 80225 80244 81268 81277 81303 82262 82286 82289 83344 83410 83428 84307 84395 84533 85384 85444 85459 85494 86575 88831
nsga2,178_r1e-04,17,9,1400,28,44438781.828850,639217.473259,1.000000,0.000000,79166 79190 80216 80225 80244 81268 81277 81303 82262 82286 82289 82311 83344 83428 84307 84395 84533 85384 85459 85494 86441 86575 86613
nsga2,178_r1e-04,17,0,1450,29,45662289.708962,782612.948242,0.000000,1.000000,918 1231 1527 76070 78044 80225 81158 81211 81268 81303 82262 83428 83464 83532 84307 84533 84563 85459 85494 86575 86613 88574 88831
nsga2,178_r1e-04,17,1,1450,29,44793431.180474,738018.215088,0.111111,0.888889,76070 79166 79190 80225 81158 81189 81211 81267 81268 81303 82262 82286 83428 83464 84307 84533 84563 85459 85494 86575 86613 88574 88831
nsga2,178_r1e-04,17,2,1450,29,44642049.856454,719124.893799,0.222222,0.777778,79166 79190 80225 81158 81189 81211 81267 81268 81303 81338 82262 82286 82320 83428 84307 84533 84563 85384 85459 85494 86613 87713 88831
nsga2,178_r1e-04,17,3,1450,29,44596342.876494,706204.138306,0.333333,0.666667,76070 79190 80225 81158 81189 81211 81267 81268 81303 81338 82262 82286 82320 83428 83464 84307 84386 85444 85459 85494 86575 86613 88831
nsga2,178_r1e-04,17,4,1450,29,44530507.668537,692215.764832,0.444444,0.555556,79118 79126 79166 79190 80105 80212 80225 81211 81268 81303 82262 82286 82346 83428 84307 84386 85444 85459 85493 85494 86575 86613 88831
nsga2,178_r1e-04,17,5,1450,29,44530507.668537,692215.764832,0.555556,0.444444,79118 79126 79166 79190 80105 80212 80225 81211 81268 81303 82262 82286 82346 83428 84307 84386 85444 85459 85493 85494 86575 86613 88831
nsga2,178_r1e-04,17,6,1450,29,44483072.925306,662209.911011,0.666667,0.333333,78125 79166 79190 80225 81158 81189 81211 81267 81268 81338 82262 82286 82320 83428 84307 85384 85407 85442 85459 85494 85505 86613 88831
nsga2,178_r1e-04,17,7,1450,29,44471396.150379,660783.124557,0.777778,0.222222,79166 79190 80216 80225 80244 81268 81277 81303 82262 82286 82289 83344 83428 84307 84395 84533 85384 85459 85493 85494 86575 86613 88831
nsga2,178_r1e-04,17,8,1450,29,44454430.177385,641472.233955,0.888889,0.111111,79166 79190 80216 80225 80244 81268 81277 81303 82262 82286 82289 83344 83410 83428 84307 84395 84533 85384 85444 85459 85494 86575 88831
nsga2,178_r1e-04,17,9,1450,29,44438781.828850,639217.473259,1.000000,0.000000,79166 79190 80216 80225 80244 81268 81277 81303 82262 82286 82289 82311 83344 83428 84307 84395 84533 85384 85459 85494 86441 86575 86613
nsga2,178_r1e-04,17,0,1500,30,45662289.708962,782612.948242,0.000000,1.000000,918 1231 1527 76070 78044 80225 81158 81211 81268 81303 82262 83428 83464 83532 84307 84533 84563 85459 85494 86575 86613 88574 88831
nsga2,178_r1e-04,17,1,1500,30,44793431.180474,738018.215088,0.111111,0.888889,76070 79166 79190 80225 81158 81189 81211 81267 81268 81303 82262 82286 83428 83464 84307 84533 84563 85459 85494 86575 86613 88574 88831
nsga2,178_r1e-04,17,2,1500,30,44609185.602745,719124.893799,0.222222,0.777778,79166 79190 80225 81158 81189 81211 81267 81268 81303 81338 82262 82286 82320 83428 84307 84533 85384 85459 85494 86613 87713 88831 88848
nsga2,178_r1e-04,17,3,1500,30,44591967.374972,709976.507812,0.333333,0.666667,76070 79126 79166 79190 80105 80212 80225 81211 81268 81303 82259 82262 82286 83428 83464 84307 84386 85444 85459 85494 86575 86613 88831
nsga2,178_r1e-04,17,4,1500,30,44534767.125239,701226.522217,0.444444,0.555556,78125 79126 79166 79190 80105 80212 80225 81211 81268 81303 82259 82262 82286 83428 83464 84307 84386 85444 85459 85494 86575 86613 88831
nsga2,178_r1e-04,17,5,1500,30,44524064.499316,679054.088989,0.555556,0.444444,79118 79126 79166 79190 81189 81198 81211 81267 81268 81303 81338 82262 82286 82320 83428 83464 84307 84386 85444 85459 86575 86613 88831
nsga2,178_r1e-04,17,6,1500,30,44483072.925306,662209.911011,0.666667,0.333333,78125 79166 79190 80225 81158 81189 81211 81267 81268 81338 82262 82286 82320 83428 84307 85384 85407 85442 85459 85494 85505 86613 88831
nsga2,178_r1e-04,17,7,1500,30,44455152.035621,661096.748840,0.777778,0.222222,78125 79166 79190 80225 81158 81189 81211 81232 81267 81268 81338 82262 82286 82320 83428 85384 85407 85442 85459 85494 85505 86613 88831
nsga2,178_r1e-04,17,8,1500,30,44436493.650629,645055.409973,0.888889,0.111111,79166 79190 80216 80225 80244 81268 81277 81303 82262 82286 82289 82312 83344 83428 84307 84386 84407 84533 85444 85494 86575 86613 88831
nsga2,178_r1e-04,17,9,1500,30,44436493.650629,645055.409973,1.000000,0.000000,79166 79190 80216 80225 80244 81268 81277 81303 82262 82286 82289 82312 83344 83428 84307 84386 84407 84533 85444 85494 86575 86613 88831
nsga2,178_r1e-04,17,0,1550,31,45662289.708962,782612.948242,0.000000,1.000000,918 1231 1527 76070 78044 80225 81158 81211 81268 81303 82262 83428 83464 83532 84307 84533 84563 85459 85494 86575 86613 88574 88831
nsga2,178_r1e-04,17,1,1550,31,44793431.180474,738018.215088,0.111111,0.888889,76070 79166 79190 80225 81158 81189 81211 81267 81268 81303 82262 82286 83428 83464 84307 84533 84563 85459 85494 86575 86613 88574 88831
nsga2,178_r1e-04,17,2,1550,31,44648460.440590,721871.964050,0.222222,0.777778,76070 79126 79166 79190 80105 80212 80225 81211 81267 81268 81303 82262 82286 83308 83428 83464 84307 84530 85459 85494 86575 86613 88831
nsga2,178_r1e-04,17,3,1550,31,44591967.374972,709976.507812,0.333333,0.666667,76070 79126 79166 79190 80105 80212 80225 81211 81268 81303 82259 82262 82286 83428 83464 84307 84386 85444 85459 85494 86575 86613 88831
nsga2,178_r1e-04,17,4,1550,31,44534767.125239,701226.522217,0.444444,0.555556,78125 79126 79166 79190 80105 80212 80225 81211 81268 81303 82259 82262 82286 83428 83464 84307 84386 85444 85459 85494 86575 86613 88831
nsga2,178_r1e-04,17,5,1550,31,44472558.783288,691354.253296,0.555556,0.444444,78125 79126 79166 79190 80105 80212 80225 81211 81268 81303 82233 82259 82262 82286 83428 84307 84386 85444 85459 85494 86575 86613 88831
nsga2,178_r1e-04,17,6,1550,31,44472558.783288,691354.253296,0.666667,0.333333,78125 79126 79166 79190 80105 80212 80225 81211 81268 81303 82233 82259 82262 82286 83428 84307 84386 85444 85459 85494 86575 86613 88831
nsga2,178_r1e-04,17,7,1550,31,44459931.934084,677981.458984,0.777778,0.222222,78125 79163 79166 79190 80225 81158 81189 81211 81232 81267 81268 81338 82262 82286 82320 83428 84307 85444 85459 85494 86575 86613 88831
nsga2,178_r1e-04,17,8,1550,31,44436493.650629,645055.409973,0.888889,0.111111,79166 79190 80216 80225 80244 81268 81277 81303 82262 82286 82289 82312 83344 83428 84307 84386 84407 84533 85444 85494 86575 86613 88831
nsga2,178_r1e-04,17,9,1550,31,44436493.650629,645055.409973,1.000000,0.000000,79166 79190 80216 80225 80244 81268 81277 81303 82262 82286 82289 82312 83344 83428 84307 84386 84407 84533 85444 85494 86575 86613 88831
nsga2,178_r1e-04,17,0,1600,32,45662289.708962,782612.948242,0.000000,1.000000,918 1231 1527 76070 78044 80225 81158 81211 81268 81303 82262 83428 83464 83532 84307 84533 84563 85459 85494 86575 86613 88574 88831
nsga2,178_r1e-04,17,1,1600,32,44793431.180474,738018.215088,0.111111,0.888889,76070 79166 79190 80225 81158 81189 81211 81267 81268 81303 82262 82286 83428 83464 84307 84533 84563 85459 85494 86575 86613 88574 88831
nsga2,178_r1e-04,17,2,1600,32,44648460.440590,721871.964050,0.222222,0.777778,76070 79126 79166 79190 80105 80212 80225 81211 81267 81268 81303 82262 82286 83308 83428 83464 84307 84530 85459 85494 86575 86613 88831
nsga2,178_r1e-04,17,3,1600,32,44575931.186856,710598.550537,0.333333,0.666667,79166 79190 80225 81158 81189 81211 81267 81268 81303 81338 82262 82286 82320 83428 84307 84533 85384 85459 85494 86575 86613 87713 88831
nsga2,178_r1e-04,17,4,1600,32,44537921.706900,702617.510193,0.444444,0.555556,78125 79126 79166 79190 80105 80212 80225 81211 81267 81268 81303 82262 82286 83308 83428 83464 84307 85444 85459 85494 86575 86613 88831
nsga2,178_r1e-04,17,5,1600,32,44472558.783288,691354.253296,0.555556,0.444444,78125 79126 79166 79190 80105 80212 80225 81211 81268 81303 82233 82259 82262 82286 83428 84307 84386 85444 85459 85494 86575 86613 88831
nsga2,178_r1e-04,17,6,1600,32,44472558.783288,691354.253296,0.666667,0.333333,78125 79126 79166 79190 80105 80212 80225 81211 81268 81303 82233 82259 82262 82286 83428 84307 84386 85444 85459 85494 86575 86613 88831
nsga2,178_r1e-04,17,7,1600,32,44459931.934084,677981.458984,0.777778,0.222222,78125 79163 79166 79190 80225 81158 81189 81211 81232 81267 81268 81338 82262 82286 82320 83428 84307 85444 85459 85494 86575 86613 88831
nsga2,178_r1e-04,17,8,1600,32,44451181.698152,657607.268127,0.888889,0.111111,77115 78125 79163 79166 79190 80225 81158 81189 81211 81232 81267 81268 81338 82262 82286 82320 85384 85407 85459 85494 85505 86613 88831
nsga2,178_r1e-04,17,9,1600,32,44436493.650629,645055.409973,1.000000,0.000000,79166 79190 80216 80225 80244 81268 81277 81303 82262 82286 82289 82312 83344 83428 84307 84386 84407 84533 85444 85494 86575 86613 88831
nsga2,178_r1e-04,17,0,1650,33,45662289.708962,782612.948242,0.000000,1.000000,918 1231 1527 76070 78044 80225 81158 81211 81268 81303 82262 83428 83464 83532 84307 84533 84563 85459 85494 86575 86613 88574 88831
nsga2,178_r1e-04,17,1,1650,33,44753054.518601,736976.997559,0.111111,0.888889,76070 79190 80105 80225 81158 81189 81211 81267 81268 81303 82286 82320 83428 84307 84533 85384 85459 85494 86613 87653 87713 88831 88848
nsga2,178_r1e-04,17,2,1650,33,44635397.832384,720570.137451,0.222222,0.777778,79190 80225 81158 81189 81211 81267 81268 81303 81338 82262 82286 82320 83428 84307 84475 84533 85384 85459 85494 86613 87713 88831 88848
nsga2,178_r1e-04,17,3,1650,33,44565244.234152,704066.872803,0.333333,0.666667,78125 79126 79166 79190 80105 80212 80225 81211 81268 81303 82203 82259 82286 83428 83464 84307 84386 85444 85459 85494 86575 86613 88831
nsga2,178_r1e-04,17,4,1650,33,44504700.237434,697838.637817,0.444444,0.555556,79166 79190 80225 81158 81189 81205 81211 81267 81268 81303 81338 82262 82286 83308 83428 83464 84307 85444 85459 85494 86575 86613 88831
nsga2,178_r1e-04,17,5,1650,33,44472558.783288,691354.253296,0.555556,0.444444,78125 79126 79166 79190 80105 80212 80225 81211 81268 81303 82233 82259 82262 82286 83428 84307 84386 85444 85459 85494 86575 86613 88831
nsga2,178_r1e-04,17,6,1650,33,44448202.496413,679930.711914,0.666667,0.333333,78125 79126 79166 79190 80105 80212 80225 81211 81268 81303 82233 82259 82262 82286 83428 84307 84333 84386 85444 85459 85494 86613 88831
nsga2,178_r1e-04,17,7,1650,33,44418253.377791,676043.361816,0.777778,0.222222,79126 79166 79190 80105 80212 80225 81211 81268 81303 82233 82259 82262 82286 82294 83428 84307 84333 84386 85444 85459 85494 86613 88831
nsga2,178_r1e-04,17,8,1650,33,44418253.377791,676043.361816,0.888889,0.111111,79126 79166 79190 80105 80212 80225 81211 81268 81303 82233 82259 82262 82286 82294 83428 84307 84333 84386 85444 85459 85494 86613 88831
nsga2,178_r1e-04,17,9,1650,33,44416009.764680,670003.956848,1.000000,0.000000,78125 79166 79190 80105 80212 80225 81211 81268 81303 82233 82259 82262 82286 83324 83428 84307 84333 84386 85444 85459 85494 86613 88831
nsga2,178_r1e-04,17,0,1700,34,45662289.708962,782612.948242,0.000000,1.000000,918 1231 1527 76070 78044 80225 81158 81211 81268 81303 82262 83428 83464 83532 84307 84533 84563 85459 85494 86575 86613 88574 88831
nsga2,178_r1e-04,17,1,1700,34,44766733.113552,744072.179199,0.111111,0.888889,76070 79190 80105 80150 80225 81158 81189 81211 81267 81268 81303 82262 82286 83428 83464 84533 84563 85444 85459 85494 86575 86613 88831
nsga2,178_r1e-04,17,2,1700,34,44635397.832384,720570.137451,0.222222,0.777778,79190 80225 81158 81189 81211 81267 81268 81303 81338 82262 82286 82320 83428 84307 84475 84533 85384 85459 85494 86613 87713 88831 88848
nsga2,178_r1e-04,17,3,1700,34,44570481.924702,704527.023376,0.333333,0.666667,79166 79190 79229 80225 81158 81189 81205 81211 81268 81303 81338 82262 82286 82320 83428 84307 84533 85384 85459 85494 86613 87713 88831
nsga2,178_r1e-04,17,4,1700,34,44504700.237434,697838.637817,0.444444,0.555556,79166 79190 80225 81158 81189 81205 81211 81267 81268 81303 81338 82262 82286 83308 83428 83464 84307 85444 85459 85494 86575 86613 88831
nsga2,178_r1e-04,17,5,1700,34,44472558.783288,691354.253296,0.555556,0.444444,78125 79126 79166 79190 80105 80212 80225 81211 81268 81303 82233 82259 82262 82286 83428 84307 84386 85444 85459 85494 86575 86613 88831
nsga2,178_r1e-04,17,6,1700,34,44450503.717896,686473.170410,0.666667,0.333333,79166 79190 80225 81158 81189 81211 81267 81268 81303 81338 82259 82262 82286 82320 83428 84307 84386 85444 85459 85494 86575 86613 88831
nsga2,178_r1e-04,17,7,1700,34,44418253.377791,676043.361816,0.777778,0.222222,79126 79166 79190 80105 80212 80225 81211 81268 81303 82233 82259 82262 82286 82294 83428 84307 84333 84386 85444 85459 85494 86613 88831
nsga2,178_r1e-04,17,8,1700,34,44418253.377791,676043.361816,0.888889,0.111111,79126 79166 79190 80105 80212 80225 81211 81268 81303 82233 82259 82262 82286 82294 83428 84307 84333 84386 85444 85459 85494 86613 88831
nsga2,178_r1e-04,17,9,1700,34,44416009.764680,670003.956848,1.000000,0.000000,78125 79166 79190 80105 80212 80225 81211 81268 81303 82233 82259 82262 82286 83324 83428 84307 84333 84386 85444 85459 85494 86613 88831
nsga2,178_r1e-04,17,0,1750,35,45662289.708962,782612.948242,0.000000,1.000000,918 1231 1527 76070 78044 80225 81158 81211 81268 81303 82262 83428 83464 83532 84307 84533 84563 85459 85494 86575 86613 88574 88831
nsga2,178_r1e-04,17,1,1750,35,44686470.892341,735065.060547,0.111111,0.888889,79166 79190 80105 80150 80225 81158 81189 81211 81267 81268 81303 82262 82286 82320 83428 83464 84533 84563 85444 85494 86575 86613 88831
nsga2,178_r1e-04,17,2,1750,35,44597416.830066,719124.893799,0.222222,0.777778,79166 79190 80225 81158 81189 81211 81267 81268 81303 82262 82286 82320 83428 84307 84533 85384 85459 85494 86613 87653 87713 88831 88848
nsga2,178_r1e-04,17,3,1750,35,44504700.237434,697838.637817,0.333333,0.666667,79166 79190 80225 81158 81189 81205 81211 81267 81268 81303 81338 82262 82286 83308 83428 83464 84307 85444 85459 85494 86575 86613 88831
nsga2,178_r1e-04,17,4,1750,35,44459729.224015,691121.341858,0.444444,0.555556,78125 79126 79166 80105 80212 80225 81211 81268 81303 82233 82242 82259 82262 82286 83428 84307 84386 85444 85459 85494 86575 86613 88831
nsga2,178_r1e-04,17,5,1750,35,44418253.377791,676043.361816,0.555556,0.444444,79126 79166 79190 80105 80212 80225 81211 81268 81303 82233 82259 82262 82286 82294 83428 84307 84333 84386 85444 85459 85494 86613 88831
nsga2,178_r1e-04,17,6,1750,35,44408844.005883,666877.780304,0.666667,0.333333,78148 79166 79190 80105 80212 80225 81211 81268 81303 82233 82259 82262 82286 83324 83428 84307 84333 84386 85444 85459 85494 86613 88831
nsga2,178_r1e-04,17,7,1750,35,44355682.743027,659271.566650,0.777778,0.222222,78125 79166 79190 80212 80225 81211 81268 81303 82233 82259 82262 82286 83324 83428 84307 84333 84386 85407 85444 85459 85494 86613 88831
nsga2,178_r1e-04,17,8,1750,35,44355682.743027,659271.566650,0.888889,0.111111,78125 79166 79190 80212 80225 81211 81268 81303 82233 82259 82262 82286 83324 83428 84307 84333 84386 85407 85444 85459 85494 86613 88831
nsga2,178_r1e-04,17,9,1750,35,44355682.743027,659271.566650,1.000000,0.000000,78125 79166 79190 80212 80225 81211 81268 81303 82233 82259 82262 82286 83324 83428 84307 84333 84386 85407 85444 85459 85494 86613 88831
nsga2,178_r1e-04,17,0,1800,36,45662289.708962,782612.948242,0.000000,1.000000,918 1231 1527 76070 78044 80225 81158 81211 81268 81303 82262 83428 83464 83532 84307 84533 84563 85459 85494 86575 86613 88574 88831
nsga2,178_r1e-04,17,1,1800,36,44686470.892341,735065.060547,0.111111,0.888889,79166 79190 80105 80150 80225 81158 81189 81211 81267 81268 81303 82262 82286 82320 83428 83464 84533 84563 85444 85494 86575 86613 88831
nsga2,178_r1e-04,17,2,1800,36,44597416.830066,719124.893799,0.222222,0.777778,79166 79190 80225 81158 81189 81211 81267 81268 81303 82262 82286 82320 83428 84307 84533 85384 85459 85494 86613 87653 87713 88831 88848
nsga2,178_r1e-04,17,3,1800,36,44518740.201567,699871.327454,0.333333,0.666667,79126 79166 80105 80212 80225 81211 81268 81303 82233 82242 82259 82262 82286 83428 84307 84386 85444 85459 85494 86391 86575 86613 88831
nsga2,178_r1e-04,17,4,1800,36,44459729.224015,691121.341858,0.444444,0.555556,78125 79126 79166 80105 80212 80225 81211 81268 81303 82233 82242 82259 82262 82286 83428 84307 84386 85444 85459 85494 86575 86613 88831
nsga2,178_r1e-04,17,5,1800,36,44418253.377791,676043.361816,0.555556,0.444444,79126 79166 79190 80105 80212 80225 81211 81268 81303 82233 82259 82262 82286 82294 83428 84307 84333 84386 85444 85459 85494 86613 88831
nsga2,178_r1e-04,17,6,1800,36,44408844.005883,666877.780304,0.666667,0.333333,78148 79166 79190 80105 80212 80225 81211 81268 81303 82233 82259 82262 82286 83324 83428 84307 84333 84386 85444 85459 85494 86613 88831
nsga2,178_r1e-04,17,7,1800,36,44355682.743027,659271.566650,0.777778,0.222222,78125 79166 79190 80212 80225 81211 81268 81303 82233 82259 82262 82286 83324 83428 84307 84333 84386 85407 85444 85459 85494 86613 88831
nsga2,178_r1e-04,17,8,1800,36,44355682.743027,659271.566650,0.888889,0.111111,78125 79166 79190 80212 80225 81211 81268 81303 82233 82259 82262 82286 83324 83428 84307 84333 84386 85407 85444 85459 85494 86613 88831
nsga2,178_r1e-04,17,9,1800,36,44355682.743027,659271.566650,1.000000,0.000000,78125 79166 79190 80212 80225 81211 81268 81303 82233 82259 82262 82286 83324 83428 84307 84333 84386 85407 85444 85459 85494 86613 88831
nsga2,178_r1e-04,17,0,1850,37,45662289.708962,782612.948242,0.000000,1.000000,918 1231 1527 76070 78044 80225 81158 81211 81268 81303 82262 83428 83464 83532 84307 84533 84563 85459 85494 86575 86613 88574 88831
nsga2,178_r1e-04,17,1,1850,37,44701564.192309,735333.009033,0.111111,0.888889,79166 79190 80105 80150 80225 81158 81189 81211 81267 81268 81303 82262 82286 83428 83464 84533 84563 85384 85459 85494 86575 86613 88831
nsga2,178_r1e-04,17,2,1850,37,44597416.830066,719124.893799,0.222222,0.777778,79166 79190 80225 81158 81189 81211 81267 81268 81303 82262 82286 82320 83428 84307 84533 85384 85459 85494 86613 87653 87713 88831 88848
nsga2,178_r1e-04,17,3,1850,37,44521025.092481,700280.507874,0.333333,0.666667,78125 79126 79166 80105 80212 80225 81211 81268 81303 82233 82242 82259 82262 82286 83282 83428 84307 84533 85459 85494 86575 87713 88831
nsga2,178_r1e-04,17,4,1850,37,44459729.224015,691121.341858,0.444444,0.555556,78125 79126 79166 80105 80212 80225 81211 81268 81303 82233 82242 82259 82262 82286 83428 84307 84386 85444 85459 85494 86575 86613 88831
nsga2,178_r1e-04,17,5,1850,37,44434399.033797,685887.070068,0.555556,0.444444,79166 79190 80225 81158 81189 81211 81267 81268 81303 82259 82262 82286 82320 83428 84307 84386 85444 85459 85494 85548 86575 86613 88831
nsga2,178_r1e-04,17,6,1850,37,44408844.005883,666877.780304,0.666667,0.333333,78148 79166 79190 80105 80212 80225 81211 81268 81303 82233 82259 82262 82286 83324 83428 84307 84333 84386 85444 85459 85494 86613 88831
nsga2,178_r1e-04,17,7,1850,37,44355682.743027,659271.566650,0.777778,0.222222,78125 79166 79190 80212 80225 81211 81268 81303 82233 82259 82262 82286 83324 83428 84307 84333 84386 85407 85444 85459 85494 86613 88831
nsga2,178_r1e-04,17,8,1850,37,44355682.743027,659271.566650,0.888889,0.111111,78125 79166 79190 80212 80225 81211 81268 81303 82233 82259 82262 82286 83324 83428 84307 84333 84386 85407 85444 85459 85494 86613 88831
nsga2,178_r1e-04,17,9,1850,37,44355682.743027,659271.566650,1.000000,0.000000,78125 79166 79190 80212 80225 81211 81268 81303 82233 82259 82262 82286 83324 83428 84307 84333 84386 85407 85444 85459 85494 86613 88831
nsga2,178_r1e-04,17,0